City_ID,City,Country,Date,Lat,Lng,Max Temp,Humidity,Cloudiness,Wind Speed
0,Chokurdakh,RU,2021-09-19 03:05:05,70.6333,147.9167,36.07,52,79,8.01
1,Punta Arenas,CL,2021-09-19 03:05:06,-53.15,-70.9167,35.71,87,0,9.22
2,Tuktoyaktuk,CA,2021-09-19 03:03:15,69.4541,-133.0374,42.8,100,90,3.44
3,East London,ZA,2021-09-19 03:05:06,-33.0153,27.9116,59.88,77,72,23.91
4,Te Anau,NZ,2021-09-19 03:05:06,-45.4167,167.7167,44.69,93,100,3.13
5,Tevaitoa,PF,2021-09-19 03:01:16,-16.7833,-151.5,77.85,77,20,19.77
6,Yar-Sale,RU,2021-09-19 03:05:07,66.8333,70.8333,34.88,100,100,17.36
7,Cherskiy,RU,2021-09-19 03:05:07,68.75,161.3,35.04,55,21,13.8
8,Cordoba,AR,2021-09-19 03:05:07,-31.4135,-64.1811,61.59,82,0,6.91
9,Bluff,NZ,2021-09-19 03:05:07,-46.6,168.3333,52.81,69,100,10.8
10,Albany,US,2021-09-19 03:00:19,42.6001,-73.9662,66.81,78,68,4.43
11,Sisimiut,GL,2021-09-19 03:05:08,66.9395,-53.6735,31.66,52,99,8.16
12,Sitka,US,2021-09-19 03:05:08,57.0531,-135.33,53.49,82,90,0.0
13,Mataura,NZ,2021-09-19 03:05:08,-46.1927,168.8643,52.48,60,100,1.7
14,Miraflores,MX,2021-09-19 03:05:09,19.2167,-98.8083,59.65,95,100,4.12
15,Qaanaaq,GL,2021-09-19 03:05:09,77.484,-69.3632,12.99,75,100,6.69
16,Noyabrsk,RU,2021-09-19 03:05:09,63.1994,75.4507,32.85,99,100,17.07
17,La Plata,AR,2021-09-19 03:05:09,-34.9215,-57.9545,60.57,96,0,8.12
18,Rikitea,PF,2021-09-19 03:05:10,-23.1203,-134.9692,72.5,77,17,4.83
19,Port Alfred,ZA,2021-09-19 03:05:12,-33.5906,26.891,59.65,77,84,28.97
20,Tiksi,RU,2021-09-19 03:05:13,71.6872,128.8694,34.38,74,100,18.21
21,Hobart,AU,2021-09-19 03:02:57,-42.8794,147.3294,62.06,57,40,7.0
22,Mocuba,MZ,2021-09-19 03:05:13,-16.8392,36.9856,67.06,83,85,4.74
23,Linguere,SN,2021-09-19 03:05:14,15.3953,-15.1193,79.77,83,98,8.99
24,Castro,BR,2021-09-19 03:01:26,-24.7911,-50.0119,63.28,88,40,2.44
25,Richards Bay,ZA,2021-09-19 03:05:14,-28.783,32.0377,57.72,76,0,11.01
26,Belaya Gora,RU,2021-09-19 03:05:14,68.5333,146.4167,32.99,67,100,15.73
27,Airai,TL,2021-09-19 03:05:14,-8.9266,125.4092,77.13,38,19,5.82
28,Bambous Virieux,MU,2021-09-19 03:05:15,-20.3428,57.7575,70.21,81,41,14.94
29,Port Jervis,US,2021-09-19 03:05:15,41.3751,-74.6927,72.18,66,14,8.25
30,Oranjemund,NA,2021-09-19 03:05:15,-28.55,16.4333,53.38,90,27,10.67
31,Bredasdorp,ZA,2021-09-19 03:05:15,-34.5322,20.0403,47.28,94,1,7.74
32,New Norfolk,AU,2021-09-19 03:05:16,-42.7826,147.0587,63.9,66,84,5.99
33,Busselton,AU,2021-09-19 03:05:16,-33.65,115.3333,59.04,80,65,12.73
34,Jamestown,US,2021-09-19 03:00:26,42.097,-79.2353,60.85,94,10,1.01
35,Hithadhoo,MV,2021-09-19 03:05:17,-0.6,73.0833,83.26,72,68,6.67
36,Ilulissat,GL,2021-09-19 03:05:19,69.2167,-51.1,21.22,63,1,2.3
37,Chuy,UY,2021-09-19 03:05:20,-33.6971,-53.4616,57.25,98,23,5.61
38,Portland,US,2021-09-19 03:04:02,45.5234,-122.6762,59.5,89,75,1.01
39,Tasiilaq,GL,2021-09-19 03:05:20,65.6145,-37.6368,35.76,66,100,4.99
40,Lebu,CL,2021-09-19 03:05:20,-37.6167,-73.65,47.44,80,4,10.16
41,Longyearbyen,SJ,2021-09-19 03:00:52,78.2186,15.6401,49.84,71,75,12.66
42,Lima,PE,2021-09-19 03:03:03,-12.0432,-77.0282,58.14,86,68,7.4
43,Dong Hoi,VN,2021-09-19 03:05:21,17.4833,106.6,84.4,74,23,5.01
44,Astoria,US,2021-09-19 03:00:44,46.1879,-123.8313,57.97,93,90,1.99
45,Geraldton,AU,2021-09-19 03:05:21,-28.7667,114.6,72.01,40,5,13.8
46,Bourail,NC,2021-09-19 03:05:21,-21.5667,165.4833,75.63,46,0,7.54
47,Tuatapere,NZ,2021-09-19 03:05:22,-46.1333,167.6833,52.83,70,100,6.73
48,Ponta Delgada,PT,2021-09-19 03:00:51,37.7333,-25.6667,66.92,72,20,5.75
49,Dikson,RU,2021-09-19 03:05:22,73.5069,80.5464,34.39,74,12,25.37
50,Jalu,LY,2021-09-19 03:05:22,29.0331,21.5482,75.92,40,0,7.4
51,Honningsvag,NO,2021-09-19 03:03:09,70.9821,25.9704,43.32,77,44,21.81
52,Kudahuvadhoo,MV,2021-09-19 03:05:23,2.6708,72.8944,82.51,75,99,7.25
53,Waingapu,ID,2021-09-19 03:05:23,-9.6567,120.2641,88.07,50,22,16.11
54,Manises,ES,2021-09-19 03:05:23,39.4914,-0.4635,72.46,72,20,5.75
55,Kapaa,US,2021-09-19 03:05:24,22.0752,-159.319,84.18,67,40,5.01
56,Kawalu,ID,2021-09-19 03:05:24,-7.3817,108.2082,81.7,69,56,5.68
57,Coahuayana,MX,2021-09-19 03:05:24,18.7333,-103.6833,77.41,92,100,2.51
58,Ushuaia,AR,2021-09-19 03:01:47,-54.8,-68.3,36.41,88,52,4.47
59,Arraial Do Cabo,BR,2021-09-19 03:05:25,-22.9661,-42.0278,70.21,90,7,6.98
60,La Romana,DO,2021-09-19 03:05:25,18.4273,-68.9728,82.13,100,40,0.0
61,Vaini,TO,2021-09-19 03:05:25,-21.2,-175.2,73.56,83,75,14.97
62,Ribeira Grande,PT,2021-09-19 03:05:25,38.5167,-28.7,68.02,69,68,6.51
63,Katsuura,JP,2021-09-19 03:04:14,35.1333,140.3,80.71,66,94,25.55
64,Taft,IR,2021-09-19 03:05:26,31.7471,54.2088,66.15,16,0,4.61
65,Sabang,ID,2021-09-19 03:05:26,5.8933,95.3214,81.86,71,100,10.38
66,Puerto Ayora,EC,2021-09-19 03:05:26,-0.7393,-90.3518,69.55,92,35,7.0
67,Sobolevo,RU,2021-09-19 03:05:27,54.4299,31.8996,42.26,94,100,17.92
68,Komsomolskiy,UZ,2021-09-19 03:05:27,40.4272,71.7189,74.12,25,0,9.22
69,Barrow,US,2021-09-19 03:05:27,71.2906,-156.7887,35.62,87,90,10.36
70,Leningradskiy,RU,2021-09-19 03:05:28,69.3833,178.4167,28.2,84,93,19.53
71,Naryan-Mar,RU,2021-09-19 03:05:28,67.6713,53.087,38.1,74,100,16.78
72,Port Elizabeth,ZA,2021-09-19 03:05:28,-33.918,25.5701,52.11,76,14,12.68
73,Araioses,BR,2021-09-19 03:05:28,-2.89,-41.9031,79.5,78,89,11.48
74,Lorengau,PG,2021-09-19 03:05:29,-2.0226,147.2712,84.16,73,83,7.74
75,Cape Town,ZA,2021-09-19 03:05:29,-33.9258,18.4232,58.1,84,90,8.99
76,Saint-Philippe,RE,2021-09-19 03:05:29,-21.3585,55.7679,67.55,72,96,16.46
77,Tilichiki,RU,2021-09-19 03:05:30,60.4667,166.1,52.18,60,88,3.58
78,Nome,US,2021-09-19 03:05:30,64.5011,-165.4064,47.16,76,90,12.66
79,Valdivia,CL,2021-09-19 03:00:31,-39.8142,-73.2459,40.64,94,10,1.23
80,Saskylakh,RU,2021-09-19 03:05:30,71.9167,114.0833,30.88,82,37,3.69
81,Sao Joao Da Barra,BR,2021-09-19 03:05:30,-21.6403,-41.0511,72.86,88,7,5.77
82,Byron Bay,AU,2021-09-19 03:05:31,-28.65,153.6167,78.91,70,59,10.8
83,La Primavera,CO,2021-09-19 03:05:31,5.4906,-70.4092,76.03,86,94,2.39
84,Ketchikan,US,2021-09-19 03:05:31,55.3422,-131.6461,52.27,100,90,0.0
85,Ust-Barguzin,RU,2021-09-19 03:05:32,53.45,108.9833,58.62,57,75,5.7
86,Hambantota,LK,2021-09-19 03:05:32,6.1241,81.1185,82.74,89,20,5.75
87,Norman Wells,CA,2021-09-19 03:05:32,65.282,-126.8329,45.43,81,99,8.12
88,Grand Gaube,MU,2021-09-19 03:05:32,-20.0064,57.6608,70.38,82,87,5.01
89,Yibin,CN,2021-09-19 03:05:33,28.7667,104.6238,70.05,85,100,8.1
90,Porto Novo,BJ,2021-09-19 03:05:33,6.4965,2.6036,75.63,91,72,4.63
91,Provideniya,RU,2021-09-19 03:05:33,64.3833,-173.3,47.34,81,10,5.5
92,Neiafu,TO,2021-09-19 03:05:34,-18.65,-173.9833,83.08,74,40,10.36
93,Talnakh,RU,2021-09-19 03:05:34,69.4865,88.3972,40.95,97,100,4.16
94,Visby,SE,2021-09-19 03:05:34,57.6409,18.296,50.95,81,31,6.91
95,Humaita,BR,2021-09-19 03:05:34,-7.5061,-63.0208,72.82,95,69,2.71
96,Nemuro,JP,2021-09-19 03:05:35,43.3236,145.575,61.47,85,89,9.62
97,Hasaki,JP,2021-09-19 03:05:35,35.7333,140.8333,77.4,67,98,24.9
98,Huarmey,PE,2021-09-19 03:05:35,-10.0681,-78.1522,62.04,84,87,8.37
99,Rapar,IN,2021-09-19 03:05:35,23.5667,70.6333,82.96,77,99,10.04
100,Ambon,ID,2021-09-19 03:05:36,-3.6954,128.1814,89.74,58,20,3.44
101,Kupang,ID,2021-09-19 03:05:36,-10.1667,123.5833,90.18,45,20,20.71
102,Noumea,NC,2021-09-19 03:05:36,-22.2763,166.4572,78.78,60,19,21.5
103,Omsukchan,RU,2021-09-19 03:05:36,62.5333,155.8,44.31,89,100,7.2
104,Kologriv,RU,2021-09-19 03:05:37,58.8275,44.3178,29.64,97,10,4.7
105,Bonavista,CA,2021-09-19 03:05:37,48.6499,-53.1147,61.12,94,82,15.75
106,Pionerskiy,RU,2021-09-19 03:05:37,54.9508,20.2275,48.04,73,11,20.13
107,Pyaozerskiy,RU,2021-09-19 03:05:38,65.8333,31.1667,40.57,78,100,3.4
108,Nantucket,US,2021-09-19 03:03:17,41.2835,-70.0995,68.97,94,1,10.0
109,Esperance,AU,2021-09-19 03:05:38,-33.8667,121.9,60.64,83,97,16.75
110,Tura,IN,2021-09-19 03:05:38,25.5198,90.2201,77.9,90,25,4.21
111,Kailua,US,2021-09-19 03:05:38,21.4022,-157.7394,85.98,66,20,12.66
112,Mar Del Plata,AR,2021-09-19 03:05:39,-38.0023,-57.5575,51.82,100,90,6.91
113,Vardo,NO,2021-09-19 03:05:39,70.3705,31.1107,43.5,77,4,20.65
114,Boa Vista,BR,2021-09-19 03:05:39,2.8197,-60.6733,80.58,78,40,5.75
115,Naze,JP,2021-09-19 03:05:40,28.3667,129.4833,79.95,66,10,3.91
116,Watsa,CD,2021-09-19 03:05:40,3.0372,29.5355,63.39,99,100,3.69
117,Kandy,LK,2021-09-19 03:05:40,7.2955,80.6356,79.77,66,100,2.37
118,Batagay,RU,2021-09-19 03:05:40,67.6333,134.6333,32.2,89,100,6.11
119,At-Bashi,KG,2021-09-19 03:05:41,41.1702,75.8106,63.43,30,0,1.5
120,Pundaguitan,PH,2021-09-19 03:05:41,6.3711,126.1689,82.83,73,66,3.22
121,Acapulco,MX,2021-09-19 03:05:41,16.8634,-99.8901,78.49,85,100,2.33
122,Moron,AR,2021-09-19 03:05:41,-34.6534,-58.6198,61.02,94,0,3.0
123,Fairbanks,US,2021-09-19 03:05:42,64.8378,-147.7164,44.56,57,90,3.0
124,San Rafael,AR,2021-09-19 03:00:51,-34.6177,-68.3301,61.47,36,0,8.05
125,Tabou,CI,2021-09-19 03:05:42,4.423,-7.3528,76.71,87,73,6.89
126,Vestmanna,FO,2021-09-19 03:05:42,62.1564,-7.1664,52.72,94,90,17.27
127,Pitrufquen,CL,2021-09-19 03:05:43,-38.9833,-72.65,46.42,93,0,5.75
128,Sturgis,US,2021-09-19 03:03:09,41.7992,-85.4192,69.96,50,1,6.91
129,Darlowo,PL,2021-09-19 03:05:43,54.421,16.4107,55.31,64,96,13.87
130,Chapais,CA,2021-09-19 03:05:43,49.7834,-74.8492,47.41,66,100,2.55
131,Kutum,SD,2021-09-19 03:05:44,14.2,24.6667,75.11,56,84,1.97
132,Kibuye,RW,2021-09-19 03:05:44,-2.0597,29.3482,62.87,84,99,2.24
133,Yeppoon,AU,2021-09-19 03:05:44,-23.1333,150.7333,82.18,54,2,9.37
134,Palmas,BR,2021-09-19 03:04:49,-10.2128,-48.3603,80.47,47,0,4.61
135,Butaritari,KI,2021-09-19 03:05:44,3.0707,172.7902,82.92,69,40,16.24
136,Nikolskoye,RU,2021-09-19 03:05:45,59.7035,30.7861,37.29,85,100,6.73
137,Luderitz,NA,2021-09-19 03:05:45,-26.6481,15.1594,52.39,88,34,4.83
138,Clonakilty,IE,2021-09-19 03:05:45,51.6231,-8.8706,52.81,87,0,11.27
139,Atuona,PF,2021-09-19 03:05:45,-9.8,-139.0333,77.92,74,14,17.67
140,Chifeng,CN,2021-09-19 03:05:46,42.2683,118.9636,65.26,44,100,1.23
141,Faanui,PF,2021-09-19 03:05:46,-16.4833,-151.75,78.04,75,45,18.05
142,Hainichen,DE,2021-09-19 03:05:46,50.9667,13.1167,51.93,94,99,4.21
143,Narsaq,GL,2021-09-19 03:05:46,60.9167,-46.05,39.42,98,100,3.36
144,Caravelas,BR,2021-09-19 03:05:47,-17.7125,-39.2481,69.96,87,6,5.84
145,Pandhana,IN,2021-09-19 03:05:47,21.7,76.2167,77.67,79,98,3.36
146,Asau,RO,2021-09-19 03:05:47,46.4333,26.4,53.96,84,19,6.08
147,Kaitangata,NZ,2021-09-19 03:02:55,-46.2817,169.8464,55.53,60,100,7.36
148,Yellowknife,CA,2021-09-19 03:01:14,62.456,-114.3525,41.95,79,100,15.9
149,Klaksvik,FO,2021-09-19 03:05:48,62.2266,-6.589,54.52,88,100,22.28
150,Lavrentiya,RU,2021-09-19 03:05:48,65.5833,-171.0,37.0,98,100,11.3
151,Grindavik,IS,2021-09-19 03:05:48,63.8424,-22.4338,46.87,87,75,12.66
152,Kuopio,FI,2021-09-19 03:05:48,62.8924,27.677,39.15,93,75,3.44
153,Olga,RU,2021-09-19 03:05:49,43.7444,135.2892,72.36,39,74,3.04
154,Matara,LK,2021-09-19 03:05:49,5.9485,80.5353,83.79,73,100,6.4
155,Cayenne,GF,2021-09-19 03:05:49,4.9333,-52.3333,83.08,80,40,1.01
156,Saint-Pierre,RE,2021-09-19 03:05:49,-21.3393,55.4781,67.64,89,90,6.91
157,Quelimane,MZ,2021-09-19 03:05:50,-17.8786,36.8883,71.53,58,86,9.04
158,Ritchie,ZA,2021-09-19 03:05:50,-29.038,24.6028,59.77,52,13,17.96
159,Thompson,CA,2021-09-19 03:04:20,55.7435,-97.8558,55.24,62,100,7.09
160,Arica,CL,2021-09-19 03:05:50,-18.475,-70.3042,59.23,77,90,4.61
161,Riverton,US,2021-09-19 03:05:51,40.5219,-111.9391,74.3,53,1,5.99
162,Sur,OM,2021-09-19 03:05:51,22.5667,59.5289,82.33,69,5,9.4
163,Salalah,OM,2021-09-19 03:05:51,17.0151,54.0924,80.69,94,75,4.61
164,Kruisfontein,ZA,2021-09-19 03:05:51,-34.0033,24.7314,49.89,76,3,3.47
165,Fare,PF,2021-09-19 03:05:52,-16.7,-151.0167,77.85,76,4,17.72
166,Georgetown,MY,2021-09-19 03:05:52,5.4112,100.3354,82.89,80,20,8.05
167,Male,MV,2021-09-19 03:05:52,4.1748,73.5089,85.95,79,75,6.91
168,Marsh Harbour,BS,2021-09-19 03:05:30,26.5412,-77.0636,82.74,69,17,6.55
169,Saint-Michel-Des-Saints,CA,2021-09-19 03:02:01,46.6834,-73.9159,44.78,86,6,4.63
170,San Patricio,US,2021-09-19 03:05:53,28.017,-97.5169,84.29,68,0,6.64
171,Hilo,US,2021-09-19 03:05:53,19.7297,-155.09,78.28,84,21,1.01
172,Sioux Lookout,CA,2021-09-19 03:05:53,50.1001,-91.917,58.8,57,7,12.39
173,Vostok,RU,2021-09-19 03:05:54,46.4856,135.8833,52.18,43,95,8.43
174,Bulgan,MN,2021-09-19 03:05:54,48.8125,103.5347,59.83,65,43,3.36
175,Campoverde,PE,2021-09-19 03:05:54,-8.4753,-74.8058,77.63,59,0,0.6
176,Upernavik,GL,2021-09-19 03:05:55,72.7868,-56.1549,20.61,62,17,5.64
177,San Cristobal,VE,2021-09-19 03:05:55,7.7669,-72.225,66.78,97,100,3.31
178,Bissau,GW,2021-09-19 03:03:06,11.8636,-15.5977,78.31,83,100,7.05
179,Henties Bay,NA,2021-09-19 03:05:55,-22.116,14.2845,50.86,93,0,5.84
180,Elliot Lake,CA,2021-09-19 03:05:55,46.3834,-82.6331,48.85,72,81,1.99
181,Ankazoabo,MG,2021-09-19 03:05:56,-22.2833,44.5167,55.31,63,56,13.65
182,Awbari,LY,2021-09-19 03:05:56,26.5921,12.7805,75.79,22,0,9.33
183,Dhidhdhoo,MV,2021-09-19 03:05:56,6.8833,73.1,82.27,78,55,8.81
184,Tieling,CN,2021-09-19 03:05:56,42.2931,123.8414,76.17,53,100,5.3
185,Kloulklubed,PW,2021-09-19 03:05:57,7.0419,134.2556,86.5,79,100,21.54
186,Iqaluit,CA,2021-09-19 03:05:57,63.7506,-68.5145,33.53,93,75,4.61
187,Victoria,HK,2021-09-19 03:01:43,22.2855,114.1577,90.97,80,58,1.01
188,Lockhart,US,2021-09-19 03:05:58,28.6194,-81.4426,78.78,77,75,0.0
189,Rawson,AR,2021-09-19 03:05:58,-43.3002,-65.1023,51.78,51,7,5.41
190,Ixtapa,MX,2021-09-19 03:05:58,20.7,-105.2,76.23,100,90,0.0
191,Pangnirtung,CA,2021-09-19 03:05:58,66.1451,-65.7125,32.49,85,100,4.34
192,Bathsheba,BB,2021-09-19 03:05:59,13.2167,-59.5167,75.81,88,20,4.61
193,Alice Springs,AU,2021-09-19 03:04:44,-23.7,133.8833,76.55,29,40,12.66
194,Saldanha,ZA,2021-09-19 03:05:59,-33.0117,17.9442,57.58,89,100,20.74
195,Contamana,PE,2021-09-19 03:05:59,-7.3333,-75.0167,77.67,63,65,1.68
196,Manta,EC,2021-09-19 03:06:00,-0.95,-80.7333,72.05,86,88,12.82
197,Merauke,ID,2021-09-19 03:06:00,-8.4667,140.3333,81.59,74,100,15.28
198,Bogovina,RS,2021-09-19 03:06:00,43.895,21.9403,56.52,69,81,2.53
199,Batemans Bay,AU,2021-09-19 03:06:00,-35.7167,150.1833,66.2,29,95,12.84
200,Pisco,PE,2021-09-19 03:06:01,-13.7,-76.2167,60.03,92,48,2.26
201,Calatayud,ES,2021-09-19 03:06:01,41.3535,-1.6432,66.78,76,0,0.47
202,Broken Hill,AU,2021-09-19 03:06:01,-31.95,141.4333,70.66,18,0,17.11
203,Muzhi,RU,2021-09-19 03:06:02,65.3667,64.6667,33.17,97,100,19.82
204,Kiunga,PG,2021-09-19 03:06:02,-6.1219,141.2906,78.66,85,99,3.83
205,Kuala Selangor,MY,2021-09-19 03:06:02,3.35,101.25,82.72,71,100,0.87
206,Hermanus,ZA,2021-09-19 03:06:03,-34.4187,19.2345,56.89,76,2,5.39
207,Roma,US,2021-09-19 03:01:11,43.2128,-75.4557,62.46,92,1,3.44
208,Sao Filipe,CV,2021-09-19 03:06:03,14.8961,-24.4956,78.57,84,84,4.25
209,Adra,ES,2021-09-19 03:06:03,36.7496,-3.0206,72.81,64,0,3.13
210,Erzin,TR,2021-09-19 03:06:03,36.9559,36.2,66.92,67,0,2.33
211,Staunton,US,2021-09-19 03:02:53,38.1496,-79.0717,72.68,79,1,3.44
212,Kahului,US,2021-09-19 03:06:04,20.8947,-156.47,83.46,68,40,24.16
213,Coquimbo,CL,2021-09-19 03:06:04,-29.9533,-71.3436,53.33,87,0,3.44
214,Ozernovskiy,RU,2021-09-19 03:06:04,51.5,156.5167,52.18,91,100,12.3
215,Cidreira,BR,2021-09-19 03:06:04,-30.1811,-50.2056,63.73,94,14,4.63
216,Ostrovnoy,RU,2021-09-19 03:06:05,68.0531,39.5131,36.57,79,8,2.75
217,Hovd,MN,2021-09-19 03:06:05,48.0056,91.6419,64.33,32,0,5.26
218,Somerset,US,2021-09-19 03:06:05,40.5668,-74.5496,77.22,86,1,1.01
219,Pevek,RU,2021-09-19 03:06:06,69.7008,170.3133,31.5,76,100,15.79
220,Teya,RU,2021-09-19 03:06:06,60.3778,92.6267,45.9,90,100,8.1
221,Khatanga,RU,2021-09-19 03:06:06,71.9667,102.5,35.83,58,5,15.77
222,Avarua,CK,2021-09-19 03:06:06,-21.2078,-159.775,77.05,69,20,17.27
223,Bitung,ID,2021-09-19 03:06:07,1.4451,125.1824,94.05,74,60,12.03
224,Lazarev,RU,2021-09-19 03:06:07,52.225,141.5131,54.07,44,67,17.81
225,Skibbereen,IE,2021-09-19 03:06:07,51.55,-9.2667,53.4,84,0,12.28
226,Rantauprapat,ID,2021-09-19 03:06:07,2.1,99.8333,85.75,60,90,0.67
227,Berkak,NO,2021-09-19 03:06:08,62.825,10.0118,39.76,86,3,8.28
228,Kodiak,US,2021-09-19 03:06:08,57.79,-152.4072,50.67,61,1,4.7
229,Kavaratti,IN,2021-09-19 03:06:08,10.5669,72.642,81.75,78,100,10.54
230,Kuryk,KZ,2021-09-19 03:06:08,43.2,51.65,61.9,34,2,10.71
231,Shingu,JP,2021-09-19 03:06:09,33.7333,135.9833,81.91,65,90,5.17
232,Nikolayevsk-Na-Amure,RU,2021-09-19 03:06:09,53.1406,140.73,53.44,45,69,14.18
233,Bogorodskoye,RU,2021-09-19 03:06:09,56.55,37.8833,36.68,79,100,9.35
234,Padang,ID,2021-09-19 03:06:10,-0.9492,100.3543,80.65,94,100,2.48
235,Dicabisagan,PH,2021-09-19 03:06:10,17.0818,122.4157,87.22,65,92,4.56
236,Port-Cartier,CA,2021-09-19 03:06:10,50.0334,-66.8654,52.93,76,100,6.26
237,Adrar,MR,2021-09-19 03:06:10,20.5022,-10.0711,84.02,33,56,12.39
238,Nongan,CN,2021-09-19 03:06:11,44.382,125.1685,72.59,59,97,6.53
239,Lugovoy,KZ,2021-09-19 03:06:11,42.9472,72.7644,73.72,23,0,4.29
240,Bambanglipuro,ID,2021-09-19 03:06:11,-7.95,110.2833,83.93,64,49,15.84
241,Yambio,SS,2021-09-19 03:06:11,4.5721,28.3955,66.9,97,100,4.21
242,Bethel,US,2021-09-19 03:06:12,41.3712,-73.414,73.49,82,1,8.05
243,Kannad,IN,2021-09-19 03:06:12,20.2667,75.1333,74.73,80,28,6.26
244,Severo-Kurilsk,RU,2021-09-19 03:06:12,50.6789,156.125,53.49,88,100,13.49
245,Estelle,US,2021-09-19 03:02:17,29.8458,-90.1067,78.85,84,1,5.75
246,Lagoa,PT,2021-09-19 03:03:07,39.05,-27.9833,66.74,64,41,10.42
247,Tayturka,RU,2021-09-19 03:06:13,52.8692,103.4608,58.62,61,72,3.29
248,Okhotsk,RU,2021-09-19 03:06:13,59.3833,143.3,50.97,63,95,7.43
249,La Ronge,CA,2021-09-19 03:06:13,55.1001,-105.2842,53.47,66,100,11.68
250,Sorland,NO,2021-09-19 03:06:13,67.667,12.6934,51.84,75,100,16.67
251,Yumen,CN,2021-09-19 03:06:14,40.2833,97.2,73.49,20,34,15.21
252,Eastlake,US,2021-09-19 03:06:14,41.6539,-81.4504,71.47,89,40,0.0
253,Estrela,BR,2021-09-19 03:06:14,-28.0611,-50.9383,59.02,98,12,3.31
254,Atherton,GB,2021-09-19 03:06:14,53.5237,-2.4935,62.91,88,100,5.01
255,Saint Anthony,US,2021-09-19 03:06:15,45.0205,-93.218,72.14,55,1,5.99
256,Sunrise Manor,US,2021-09-19 03:06:15,36.2111,-115.0731,89.11,14,1,8.05
257,Carnarvon,AU,2021-09-19 03:01:54,-24.8667,113.6333,74.23,34,0,19.26
258,Tibati,CM,2021-09-19 03:06:15,6.4667,12.6333,66.83,95,100,1.21
259,Bergen,NO,2021-09-19 03:06:15,60.392,5.328,57.87,71,75,4.61
260,Itoman,JP,2021-09-19 03:06:16,26.1247,127.6694,86.02,66,20,9.22
261,Labuhan,ID,2021-09-19 03:06:16,-6.8844,112.2051,87.08,57,27,5.3
262,Wasilla,US,2021-09-19 03:06:16,61.5814,-149.4394,54.93,62,1,4.61
263,Sandy Bay,AU,2021-09-19 03:06:16,-42.913,147.3532,64.29,55,40,7.0
264,Bengkulu,ID,2021-09-19 03:06:17,-3.8004,102.2655,82.08,73,50,11.23
265,Vigeland,NO,2021-09-19 03:06:17,58.0844,7.305,53.06,86,100,13.58
266,Dali,CN,2021-09-19 03:06:17,25.7,100.1833,63.95,91,99,4.65
267,Manicore,BR,2021-09-19 03:03:12,-5.8092,-61.3003,73.53,96,98,0.94
268,Palmerston,AU,2021-09-19 03:06:18,-12.486,130.9833,91.38,33,0,14.97
269,Coihaique,CL,2021-09-19 03:01:48,-45.5752,-72.0662,40.41,91,92,4.63
270,Zatoka,UA,2021-09-19 03:06:18,46.0725,30.4654,52.34,77,63,9.15
271,Gashua,NG,2021-09-19 03:06:18,12.871,11.0482,81.77,57,69,7.4
272,North Bend,US,2021-09-19 03:06:19,43.4065,-124.2243,60.71,91,90,11.5
273,Lumphat,KH,2021-09-19 03:06:19,13.4878,106.9816,79.02,83,100,2.89
274,Arroyo,ES,2021-09-19 03:06:19,41.6096,-4.7969,51.15,83,0,3.44
275,Almaznyy,RU,2021-09-19 03:06:19,48.0448,40.045,55.54,57,97,11.1
276,Cap-Haitien,HT,2021-09-19 03:06:20,19.7578,-72.2042,81.97,72,13,13.98
277,Samarai,PG,2021-09-19 03:06:20,-10.6167,150.6667,78.6,87,100,19.22
278,Bure,ET,2021-09-19 03:06:20,10.7,37.0667,55.8,94,80,1.72
279,Cairns,AU,2021-09-19 03:06:21,-16.9167,145.7667,86.07,52,40,21.85
280,Hamilton,US,2021-09-19 03:05:18,39.1834,-84.5333,76.77,84,1,0.0
281,Mirnyy,RU,2021-09-19 03:06:21,62.5353,113.9611,43.95,55,84,3.98
282,Caracuaro,MX,2021-09-19 03:06:21,19.0106,-101.1264,72.23,99,98,2.91
283,Sao Paulo De Olivenca,BR,2021-09-19 03:06:21,-3.3783,-68.8725,73.67,90,45,1.57
284,Clyde River,CA,2021-09-19 03:06:22,70.4692,-68.5914,29.39,84,100,3.02
285,Laja,CL,2021-09-19 03:06:22,-37.2667,-72.7,48.99,86,37,1.97
286,Tombouctou,ML,2021-09-19 03:06:22,20.0,-3.0,90.21,14,0,7.87
287,Musson,BE,2021-09-19 03:06:23,49.5833,5.7,55.17,90,100,7.29
288,Quatre Cocos,MU,2021-09-19 03:06:23,-20.2078,57.7625,70.09,81,46,11.36
289,Nanortalik,GL,2021-09-19 03:06:23,60.1432,-45.2371,41.38,90,100,11.07
290,Dimona,IL,2021-09-19 03:06:23,31.0667,35.0333,66.76,71,0,3.2
291,Los Llanos De Aridane,ES,2021-09-19 03:06:24,28.6585,-17.9182,69.55,79,0,8.05
292,Bridgewater,CA,2021-09-19 03:06:24,44.3835,-64.5155,67.1,97,92,1.99
293,Rosetown,CA,2021-09-19 03:06:24,51.5501,-108.0014,67.98,30,79,17.85
294,Ponta Do Sol,PT,2021-09-19 03:06:24,32.6667,-17.1,72.23,66,12,7.18
295,Port Moresby,PG,2021-09-19 03:06:25,-9.4431,147.1797,84.04,69,92,20.07
296,Puerto Colombia,CO,2021-09-19 03:06:25,10.9878,-74.9547,82.49,83,24,23.13
297,El Carmen,CO,2021-09-19 03:06:25,8.5106,-73.4478,67.91,95,100,3.53
298,Itupiranga,BR,2021-09-19 03:06:25,-5.1347,-49.3267,77.79,64,4,3.11
299,Arona,ES,2021-09-19 03:06:26,28.0996,-16.681,66.83,70,20,1.01
300,Verkh-Tula,RU,2021-09-19 03:06:26,54.8839,82.7762,49.78,66,0,8.95
301,Alofi,NU,2021-09-19 03:06:26,-19.0595,-169.9187,78.17,80,4,13.38
302,Vestmannaeyjar,IS,2021-09-19 03:06:26,63.4427,-20.2734,50.4,88,15,19.42
303,Korba,IN,2021-09-19 03:06:27,22.35,82.6833,79.88,82,100,2.95
304,Parrita,CR,2021-09-19 03:06:27,9.5201,-84.3225,83.07,87,100,1.59
305,Kismayo,SO,2021-09-19 03:06:27,-0.3582,42.5454,76.41,87,26,13.24
306,Dingle,PH,2021-09-19 03:06:27,10.9995,122.6711,85.84,71,26,1.74
307,Xichang,CN,2021-09-19 03:06:28,27.8964,102.2634,69.22,76,82,1.7
308,Homer,US,2021-09-19 03:06:28,59.6425,-151.5483,57.07,49,1,0.0
309,Manalongon,PH,2021-09-19 03:06:28,9.2209,122.886,83.71,73,78,5.17
310,Ancud,CL,2021-09-19 03:01:59,-41.8697,-73.8203,40.42,84,13,1.61
311,Vila Franca Do Campo,PT,2021-09-19 03:06:29,37.7167,-25.4333,66.61,70,84,5.84
312,Laguna,US,2021-09-19 03:06:29,38.421,-121.4238,72.32,74,1,5.01
313,Praia,CV,2021-09-19 03:06:29,14.9215,-23.5087,77.54,100,75,3.44
314,Guinguineo,SN,2021-09-19 03:06:29,14.2667,-15.95,77.81,87,100,5.23
315,Westport,US,2021-09-19 03:06:30,41.1415,-73.3579,75.76,87,1,5.01
316,Sao Joao Da Ponte,BR,2021-09-19 03:06:30,-15.9292,-44.0078,67.46,30,3,1.9
317,Saint George,US,2021-09-19 03:05:55,37.1041,-113.5841,75.63,61,75,1.99
318,Bumba,CD,2021-09-19 03:06:30,2.1833,22.4667,69.87,97,100,0.92
319,Souillac,MU,2021-09-19 03:06:30,-20.5167,57.5167,70.36,83,74,15.35
320,Egvekinot,RU,2021-09-19 03:06:31,66.3167,-179.1667,30.09,92,95,6.53
321,Cabedelo,BR,2021-09-19 03:06:31,-6.9811,-34.8339,74.07,76,13,13.0
322,Kaseda,JP,2021-09-19 03:06:31,31.4167,130.3167,76.82,75,21,3.4
323,Nagato,JP,2021-09-19 03:03:38,34.3833,131.2,76.39,70,24,16.84
324,Hopkinsville,US,2021-09-19 03:06:31,36.8656,-87.4886,71.06,100,100,6.22
325,Daru,PG,2021-09-19 03:06:32,-9.0763,143.2092,77.76,88,100,18.03
326,Altamira,BR,2021-09-19 03:06:32,-3.2033,-52.2064,74.46,80,66,2.19
327,Pitkyaranta,RU,2021-09-19 03:06:32,61.5734,31.4792,39.4,76,100,6.29
328,Koppang,NO,2021-09-19 03:06:33,61.5706,11.0555,43.81,81,100,5.21
329,Mende,FR,2021-09-19 03:06:33,44.6667,3.5,42.85,94,85,6.73
330,Sambava,MG,2021-09-19 03:06:33,-14.2667,50.1667,71.51,84,100,6.55
331,Mana,GF,2021-09-19 03:06:33,5.6592,-53.7767,78.51,86,69,5.95
332,Alyangula,AU,2021-09-19 03:06:34,-13.8483,136.4192,82.92,58,89,12.3
333,Mahebourg,MU,2021-09-19 03:06:34,-20.4081,57.7,70.25,82,51,15.79
334,Svetlaya,RU,2021-09-19 03:06:34,46.5389,138.3297,59.49,46,100,3.44
335,Pizarro,CO,2021-09-19 03:06:35,4.9533,-77.366,77.81,88,89,3.42
336,Biak,ID,2021-09-19 03:06:35,-0.9131,122.8766,80.58,68,100,6.22
337,Hobyo,SO,2021-09-19 03:06:35,5.3505,48.5268,77.63,85,100,19.1
338,Port Said,EG,2021-09-19 03:06:35,31.2565,32.2841,79.57,63,0,10.18
339,Vila Velha,BR,2021-09-19 03:05:19,-20.3297,-40.2925,73.35,78,0,12.66
340,Oktyabrskiy,RU,2021-09-19 03:06:36,54.4815,53.471,32.97,93,8,5.91
341,Rapid Valley,US,2021-09-19 03:06:36,44.0625,-103.1463,84.04,22,40,11.01
342,Port-Gentil,GA,2021-09-19 03:06:36,-0.7193,8.7815,77.0,80,100,10.38
343,Osinovo,RU,2021-09-19 03:06:37,55.8809,48.881,33.89,86,11,5.73
344,Xinpu,CN,2021-09-19 03:06:37,34.5997,119.1594,79.3,69,30,14.54
345,Guerrero Negro,MX,2021-09-19 03:06:37,27.9769,-114.0611,69.55,81,8,18.07
346,Black River,JM,2021-09-19 03:06:37,18.0264,-77.8487,79.99,84,21,3.0
347,Wilmington,US,2021-09-19 03:05:40,34.2257,-77.9447,78.85,88,1,0.0
348,Koslan,RU,2021-09-19 03:06:38,63.4564,48.8989,36.59,69,100,9.55
349,Berlevag,NO,2021-09-19 03:06:38,70.8578,29.0864,41.14,78,0,19.73
350,Jacona,US,2021-09-19 03:06:38,35.8906,-106.0422,77.13,35,30,4.92
351,Kavieng,PG,2021-09-19 03:06:38,-2.5744,150.7967,83.68,74,27,14.36
352,Okha,RU,2021-09-19 03:06:39,53.5739,142.9478,51.01,63,69,20.69
353,Miri,MY,2021-09-19 03:06:39,4.4148,114.0089,85.51,65,100,9.17
354,Rundu,NA,2021-09-19 03:06:39,-17.9333,19.7667,67.32,36,74,6.04
355,Viedma,AR,2021-09-19 03:06:39,-40.8135,-62.9967,49.06,74,100,6.26
356,Bowen,AU,2021-09-19 03:06:40,-20.0167,148.2333,75.72,58,5,16.8
357,Yei,SS,2021-09-19 03:06:40,4.095,30.6779,65.39,96,100,3.76
358,Kualakapuas,ID,2021-09-19 03:06:40,-3.0091,114.3876,87.96,47,17,4.85
359,Ivanjica,RS,2021-09-19 03:06:41,43.5803,20.2311,56.68,94,93,1.83
360,Rio Gallegos,AR,2021-09-19 03:06:41,-51.6226,-69.2181,41.05,87,75,17.27
361,Izhmorskiy,RU,2021-09-19 03:06:41,56.194,86.6414,47.35,61,97,12.1
362,Ottappalam,IN,2021-09-19 03:06:41,10.7667,76.3833,83.25,80,90,2.68
363,Constantine,DZ,2021-09-19 03:06:42,36.365,6.6147,69.98,76,1,1.45
364,Zhelyabovka,UA,2021-09-19 03:06:43,45.3988,34.7578,62.33,83,95,1.9
365,Nago,JP,2021-09-19 03:06:43,26.5881,127.9761,86.07,60,30,6.02
366,Oranjestad,AW,2021-09-19 03:01:44,12.524,-70.027,82.69,76,1,21.39
367,Morondava,MG,2021-09-19 03:06:43,-20.2833,44.2833,66.07,53,18,14.36
368,Port Hardy,CA,2021-09-19 03:06:43,50.6996,-127.4199,51.98,93,90,3.44
369,Constitucion,CL,2021-09-19 03:01:46,-35.3333,-72.4167,48.81,77,17,12.55
370,Corum,TR,2021-09-19 03:06:44,40.5,34.75,58.06,51,74,3.56
371,Pangkalanbuun,ID,2021-09-19 03:06:44,-2.6833,111.6167,89.94,46,23,6.53
372,Cabo San Lucas,MX,2021-09-19 03:02:56,22.8909,-109.9124,85.3,76,35,8.77
373,Rocha,UY,2021-09-19 03:06:44,-34.4833,-54.3333,55.09,99,20,5.03
374,Zhanaozen,KZ,2021-09-19 03:06:45,43.3,52.8,58.57,32,0,11.92
375,Lodja,CD,2021-09-19 03:06:45,-3.4833,23.4333,67.98,98,100,4.92
376,Makurdi,NG,2021-09-19 03:06:45,7.7411,8.5121,73.45,96,100,4.52
377,Antalaha,MG,2021-09-19 03:06:45,-14.9003,50.2788,71.42,83,99,4.54
378,Paamiut,GL,2021-09-19 03:03:11,61.994,-49.6678,36.82,79,100,8.79
379,Mareeba,AU,2021-09-19 03:06:46,-17.0,145.4333,81.45,51,40,9.73
380,Ordzhonikidze,KZ,2021-09-19 03:06:46,52.4411,61.7408,38.98,66,34,13.47
381,Prainha,BR,2021-09-19 03:06:46,-1.8,-53.48,74.62,84,79,2.98
382,Luau,AO,2021-09-19 03:06:46,-10.7073,22.2247,66.61,70,83,2.68
383,Karratha,AU,2021-09-19 03:06:47,-20.7377,116.8463,88.07,17,3,10.07
384,Sawang Daen Din,TH,2021-09-19 03:06:47,17.4753,103.4575,85.39,72,15,3.22
385,Manoel Urbano,BR,2021-09-19 03:06:47,-8.8389,-69.2597,77.45,70,78,2.84
386,Chipinge,ZW,2021-09-19 03:06:48,-20.1883,32.6236,52.34,90,67,6.55
387,Carroll,US,2021-09-19 03:06:48,39.5501,-77.0164,72.48,79,6,3.29
388,Damietta,EG,2021-09-19 03:06:48,31.4165,31.8133,76.96,63,0,6.46
389,Mecca,SA,2021-09-19 03:06:48,21.4267,39.8261,84.69,32,23,5.68
390,Akyab,MM,2021-09-19 03:06:49,20.15,92.9,81.82,81,100,7.65
391,Akdepe,TM,2021-09-19 03:06:49,42.0551,59.3788,59.09,51,1,10.16
392,Deputatskiy,RU,2021-09-19 03:06:49,69.3,139.9,25.0,96,100,19.01
393,Fukue,JP,2021-09-19 03:06:50,32.6881,128.8419,76.14,75,38,21.03
394,Novikovo,RU,2021-09-19 03:06:50,51.1537,37.8879,50.68,63,100,15.66
395,Pitimbu,BR,2021-09-19 03:06:50,-7.4706,-34.8086,73.99,77,14,11.56
396,Fortuna,US,2021-09-19 03:06:50,40.5982,-124.1573,62.42,71,90,8.05
397,Bayir,TR,2021-09-19 03:06:51,37.2687,28.2167,59.52,45,0,0.72
398,Casas Grandes,MX,2021-09-19 03:06:51,30.3667,-107.95,75.9,31,52,4.32
399,Abu Dhabi,AE,2021-09-19 03:06:51,24.4667,54.3667,87.91,37,0,5.75
400,Jishou,CN,2021-09-19 03:06:51,28.3167,109.7167,84.69,73,21,9.66
401,Nioro,GM,2021-09-19 03:06:52,13.35,-15.75,76.06,94,100,4.45
402,Port Lincoln,AU,2021-09-19 03:06:52,-34.7333,135.8667,64.92,45,9,26.24
403,Tonantins,BR,2021-09-19 03:06:52,-2.8731,-67.8022,74.5,90,56,2.53
404,Tres Arroyos,AR,2021-09-19 03:06:52,-38.3739,-60.2798,54.48,93,0,7.76
405,Suez,EG,2021-09-19 03:06:53,29.9737,32.5263,70.3,79,0,8.34
406,Brinkovskaya,RU,2021-09-19 03:06:53,46.0347,38.5869,64.36,84,100,6.22
407,Napanee,CA,2021-09-19 03:03:28,44.2501,-76.9494,59.95,57,37,6.93
408,Fort Nelson,CA,2021-09-19 03:06:54,58.8053,-122.7002,43.45,84,100,4.12
409,Ndele,CF,2021-09-19 03:06:54,8.4109,20.6473,69.15,97,99,1.34
410,Sinnamary,GF,2021-09-19 03:06:54,5.3833,-52.95,78.46,87,63,6.76
411,Alcains,PT,2021-09-19 03:06:55,39.9164,-7.4566,60.35,64,2,4.79
412,Dumbraveni,RO,2021-09-19 03:06:55,46.2333,24.5667,52.68,68,100,9.42
413,Grajau,BR,2021-09-19 03:06:55,-5.8194,-46.1386,78.03,59,14,2.48
414,Prescott,US,2021-09-19 03:06:56,34.54,-112.4685,69.89,91,55,5.97
415,Bischwiller,FR,2021-09-19 03:06:56,48.7659,7.8583,57.15,64,0,5.99
416,Medina,SA,2021-09-19 03:02:35,24.4686,39.6142,80.46,29,18,3.0
417,Capivari,BR,2021-09-19 03:06:56,-22.995,-47.5078,74.61,71,4,6.15
418,Codrington,AU,2021-09-19 03:06:57,-38.2667,141.9667,53.06,91,100,20.02
419,Trelew,AR,2021-09-19 03:06:22,-43.249,-65.3051,52.02,45,15,4.34
420,Sakakah,SA,2021-09-19 03:06:57,29.9697,40.2064,77.36,28,0,7.63
421,Loikaw,MM,2021-09-19 03:06:57,19.6742,97.2094,77.77,76,100,1.39
422,Plouzane,FR,2021-09-19 03:06:57,48.3833,-4.6167,57.25,91,0,4.61
423,Dunedin,NZ,2021-09-19 03:06:32,-45.8742,170.5036,50.81,81,100,8.99
424,Carutapera,BR,2021-09-19 03:06:58,-1.195,-46.02,78.12,80,6,7.16
425,Nuuk,GL,2021-09-19 03:06:58,64.1835,-51.7216,34.41,86,12,9.22
426,Polovinnoye,RU,2021-09-19 03:06:58,54.7914,65.9864,35.33,85,33,13.96
427,Brae,GB,2021-09-19 03:06:59,60.3964,-1.353,57.11,93,89,16.53
428,Kralendijk,BQ,2021-09-19 03:06:59,12.15,-68.2667,82.38,78,20,10.36
429,Inverness,GB,2021-09-19 03:06:59,57.4791,-4.224,55.98,95,90,2.3
430,High Level,CA,2021-09-19 03:06:59,58.5169,-117.136,50.11,81,90,4.61
431,Batagay-Alyta,RU,2021-09-19 03:07:00,67.8006,130.4114,29.8,85,100,12.28
432,Hualmay,PE,2021-09-19 03:07:00,-11.0964,-77.6139,61.0,83,64,9.69
433,Koroni,GR,2021-09-19 03:07:00,36.8,21.95,76.06,65,2,6.15
434,Zhangjiakou,CN,2021-09-19 03:07:00,40.81,114.8794,64.27,75,100,3.58
435,Shimanovsk,RU,2021-09-19 03:07:01,52.0,127.7,54.99,44,0,9.64
436,Derzhavinsk,KZ,2021-09-19 03:07:01,51.1,66.3167,40.21,73,4,13.02
437,San Quintin,MX,2021-09-19 03:07:01,30.4833,-115.95,67.96,78,0,15.08
438,Riviere-Au-Renard,CA,2021-09-19 03:07:02,48.9957,-64.3971,55.27,71,99,14.45
439,Toora-Khem,RU,2021-09-19 03:07:02,52.4675,96.11,59.72,55,11,3.71
440,Kivertsi,UA,2021-09-19 03:07:02,50.8343,25.4582,44.91,92,100,11.18
441,Veinticinco De Mayo,AR,2021-09-19 03:07:02,-35.4323,-60.1727,59.05,88,0,8.16
442,Souris,CA,2021-09-19 03:07:03,49.6172,-100.2612,73.74,34,7,16.06
443,Diphu,IN,2021-09-19 03:07:03,25.8333,93.4333,76.37,97,100,0.38
444,Tessalit,ML,2021-09-19 03:07:03,20.1986,1.0114,87.58,13,0,10.69
445,Ambilobe,MG,2021-09-19 03:07:04,-13.2,49.05,72.52,88,90,4.38
446,Durango,MX,2021-09-19 03:05:34,24.8333,-104.8333,63.55,45,19,5.82
447,Roebourne,AU,2021-09-19 03:07:04,-20.7833,117.1333,87.98,16,2,10.45
448,Raudeberg,NO,2021-09-19 03:07:04,61.9875,5.1352,55.2,84,91,9.33
449,Seymchan,RU,2021-09-19 03:07:05,62.8833,152.4333,47.1,82,100,11.18
450,Yangambi,CD,2021-09-19 03:07:05,0.8102,24.4336,68.2,99,100,3.06
451,Tukrah,LY,2021-09-19 03:07:05,32.5341,20.5791,78.91,44,0,2.53
452,Khani,GE,2021-09-19 03:07:05,41.9563,42.9566,53.17,76,37,5.91
453,Mount Gambier,AU,2021-09-19 03:07:06,-37.8333,140.7667,57.11,82,90,21.85
454,Abha,SA,2021-09-19 03:07:06,18.2164,42.5053,62.85,20,0,0.0
455,Buzdyak,RU,2021-09-19 03:07:06,54.5833,54.55,32.9,93,66,11.01
456,Roberval,CA,2021-09-19 03:07:06,48.5168,-72.2324,50.32,73,69,10.6
457,Badou,TG,2021-09-19 03:07:07,7.5833,0.6,70.81,97,77,2.15
458,Swift Current,CA,2021-09-19 03:07:07,50.2834,-107.8014,71.56,28,100,15.46
459,Ardalstangen,NO,2021-09-19 03:07:07,61.2371,7.6983,51.1,87,94,4.41
460,Bonfim,BR,2021-09-19 03:07:07,3.0833,-59.95,79.74,73,99,3.89
461,Dongli,CN,2021-09-19 03:07:08,23.5656,116.8194,87.76,62,5,6.55
462,Vallenar,CL,2021-09-19 03:07:08,-28.5708,-70.7581,60.93,53,92,1.23
463,Saiki,JP,2021-09-19 03:07:08,32.95,131.9,77.83,68,12,13.82
464,Half Moon Bay,US,2021-09-19 03:07:08,37.4636,-122.4286,66.9,86,90,5.75
465,Carauari,BR,2021-09-19 03:05:09,-4.8828,-66.8958,73.4,97,47,2.53
466,Manggar,ID,2021-09-19 03:07:09,-2.8833,108.2667,84.94,67,100,14.56
467,Kutoarjo,ID,2021-09-19 03:07:09,-7.7169,109.9128,85.19,61,46,9.73
468,Faya,SA,2021-09-19 03:07:09,18.3851,42.4509,63.12,22,50,3.87
469,Troitsko-Pechorsk,RU,2021-09-19 03:07:10,62.7084,56.1964,34.25,76,100,13.78
470,Jijiga,ET,2021-09-19 03:07:10,9.35,42.8,63.5,81,5,6.67
471,Baringo,KE,2021-09-19 03:07:10,0.4667,35.9667,65.77,90,100,0.54
472,Kozhva,RU,2021-09-19 03:07:11,65.1073,57.0459,36.34,72,100,15.95
473,Moose Factory,CA,2021-09-19 03:07:11,51.2585,-80.6094,51.13,80,100,5.14
474,Bibiani,GH,2021-09-19 03:07:11,6.4635,-2.3194,70.11,100,100,1.25
475,Buala,SB,2021-09-19 03:07:11,-8.145,159.5921,83.57,76,77,11.77
476,Novobelokatay,RU,2021-09-19 03:07:12,55.7062,58.9549,34.25,97,100,15.1
477,Puerto Escondido,MX,2021-09-19 03:07:12,15.85,-97.0667,81.43,65,90,4.61
478,Oktyabrskoye,RU,2021-09-19 03:07:12,43.0645,44.7417,51.94,100,26,2.24
479,Aden,YE,2021-09-19 03:07:12,12.7794,45.0367,84.42,82,7,7.63
480,Nouadhibou,MR,2021-09-19 03:07:13,20.931,-17.0347,75.04,80,91,8.55
481,Pimentel,PE,2021-09-19 03:07:13,-6.8367,-79.9342,63.12,82,54,13.85
482,Lagos,NG,2021-09-19 03:02:27,6.5833,3.75,75.67,93,86,3.31
483,Klyuchi,RU,2021-09-19 03:07:13,52.2667,79.1667,54.54,42,100,16.71
484,Burla,IN,2021-09-19 03:07:13,21.5,83.8667,79.54,87,100,1.3
485,Mandera,KE,2021-09-19 03:07:14,3.9366,41.867,75.88,58,6,10.85
486,Medford,US,2021-09-19 03:03:36,42.3265,-122.8756,62.33,65,75,5.75
487,Harper,LR,2021-09-19 03:07:14,4.375,-7.7169,76.69,87,59,7.99
488,Bardiyah,LY,2021-09-19 03:07:14,31.7561,25.0865,74.93,86,0,9.71
489,Letlhakeng,BW,2021-09-19 03:07:15,-24.0944,25.0298,52.66,75,3,13.06
490,Avera,US,2021-09-19 03:07:15,33.194,-82.5271,78.31,63,100,3.74
491,Deqing,CN,2021-09-19 03:07:15,30.5448,119.9599,85.96,67,1,6.98
492,Buraydah,SA,2021-09-19 03:07:15,26.326,43.975,80.1,20,5,7.99
493,Agirish,RU,2021-09-19 03:07:16,61.9247,63.0231,31.03,93,99,13.87
494,Itamaraca,BR,2021-09-19 03:07:16,-7.7478,-34.8256,77.05,77,24,9.78
495,Brnakot,AM,2021-09-19 03:07:16,39.497,45.9731,50.81,74,1,1.68
496,Teguldet,RU,2021-09-19 03:07:16,57.3064,88.1667,47.91,62,100,8.66
497,Wegberg,DE,2021-09-19 03:07:17,51.15,6.2667,56.41,93,45,2.3
498,Iwanai,JP,2021-09-19 03:07:17,42.9744,140.5089,71.58,49,55,6.87
499,Touros,BR,2021-09-19 03:07:17,-5.1989,-35.4608,76.1,76,7,16.78
500,Poum,NC,2021-09-19 03:07:18,-20.2333,164.0167,71.01,62,1,5.3
501,Lata,PT,2021-09-19 03:07:18,40.1629,-8.3327,59.81,95,7,2.37
502,Scarborough,GB,2021-09-19 03:07:18,54.2797,-0.4044,63.52,84,100,3.0
503,Robertsport,LR,2021-09-19 03:07:18,6.7533,-11.3686,74.32,97,100,6.64
504,Arawa,PG,2021-09-19 03:07:19,-6.2132,155.5367,87.06,63,83,6.2
505,Syasstroy,RU,2021-09-19 03:07:19,60.1367,32.5691,35.04,86,98,9.48
506,Semirom,IR,2021-09-19 03:07:19,31.4167,51.5667,58.19,31,0,2.59
507,Olafsvik,IS,2021-09-19 03:07:19,64.8945,-23.7142,47.16,71,97,9.84
508,Prince Rupert,CA,2021-09-19 03:07:20,54.3161,-130.3201,51.89,100,90,8.05
509,Cilegon,ID,2021-09-19 03:07:20,-6.0174,106.0538,87.69,68,100,5.14
510,Towada,JP,2021-09-19 03:07:20,40.6127,141.2067,78.48,40,24,5.32
511,Muros,ES,2021-09-19 03:07:20,42.7762,-9.0603,59.23,94,58,4.36
512,Boguchany,RU,2021-09-19 03:07:21,58.3814,97.4531,55.33,72,35,5.57
513,Camacha,PT,2021-09-19 03:07:21,33.0833,-16.3333,68.76,73,75,9.22
514,Skovorodino,RU,2021-09-19 03:07:21,53.9833,123.9167,52.12,49,36,4.94
515,Dataganj,IN,2021-09-19 03:07:21,28.0333,79.4,81.82,80,0,6.69
516,Sao Jose Da Coroa Grande,BR,2021-09-19 03:07:22,-8.8978,-35.1478,73.36,78,11,6.85
517,Stodolishche,RU,2021-09-19 03:07:22,54.1859,32.6492,42.67,94,100,17.56
518,Cesis,LV,2021-09-19 03:07:22,57.3119,25.2746,37.72,89,0,10.96
519,Shiraz,IR,2021-09-19 03:07:22,29.6036,52.5388,72.93,23,0,3.56
520,Walvis Bay,NA,2021-09-19 03:07:23,-22.9575,14.5053,51.1,92,0,5.19
521,Ambulu,ID,2021-09-19 03:07:23,-8.345,113.6058,84.36,63,53,9.06
522,Myitkyina,MM,2021-09-19 03:07:23,25.3833,97.4,75.63,97,99,1.05
523,Dongzhen,CN,2021-09-19 03:07:24,22.3797,110.9389,87.85,65,1,3.74
524,Hami,CN,2021-09-19 03:07:24,42.8,93.45,78.75,18,1,6.4
525,Novyy Urengoy,RU,2021-09-19 03:07:24,66.0833,76.6333,37.56,95,97,11.9
526,Necochea,AR,2021-09-19 03:06:09,-38.5473,-58.7368,50.04,85,4,9.98
527,Maraba,BR,2021-09-19 03:07:25,-5.3686,-49.1178,77.65,61,4,2.8
528,Pozo Colorado,PY,2021-09-19 03:07:25,-23.4923,-58.7972,84.78,32,48,5.17
529,Fougeres,FR,2021-09-19 03:07:25,48.35,-1.2,59.68,98,100,6.73
530,Riyadh,SA,2021-09-19 03:04:58,24.6877,46.7219,80.65,16,0,6.91
531,Limbang,MY,2021-09-19 03:07:25,4.75,115.0,89.71,55,75,5.1
532,Sao Pedro,BR,2021-09-19 03:04:48,-22.5486,-47.9139,70.97,71,7,2.15
533,Novobirilyussy,RU,2021-09-19 03:07:26,56.9514,90.6661,49.82,61,100,6.44
534,Ishcherskaya,RU,2021-09-19 03:07:26,43.7153,45.1264,57.88,79,65,5.79
535,Cacule,BR,2021-09-19 03:07:26,-14.5033,-42.2222,65.64,45,6,3.78
536,Borogontsy,RU,2021-09-19 03:07:27,62.6683,131.1683,34.56,97,100,11.74
537,Venado Tuerto,AR,2021-09-19 03:07:27,-33.7456,-61.9688,57.76,76,0,9.55
538,Livingstone,ZM,2021-09-19 03:07:27,-17.8419,25.8543,68.04,61,15,9.64
539,Abbeville,FR,2021-09-19 03:07:27,50.1,1.8333,58.5,80,100,5.01
540,Axim,GH,2021-09-19 03:07:28,4.8699,-2.2405,74.48,93,100,4.7
541,Usinsk,RU,2021-09-19 03:07:28,65.9939,57.5281,36.81,67,99,21.39
542,Sabzevar,IR,2021-09-19 03:07:28,36.2126,57.6819,71.19,52,0,8.21
543,Aklavik,CA,2021-09-19 03:07:29,68.2191,-135.0107,43.59,83,100,6.42
544,Phalodi,IN,2021-09-19 03:07:29,27.1333,72.3667,88.09,57,85,2.28
545,Jinchang,CN,2021-09-19 03:07:29,38.4953,102.1739,71.47,23,80,7.94
546,Minsk,BY,2021-09-19 03:06:05,53.9,27.5667,44.35,96,100,18.5
547,Springbok,ZA,2021-09-19 03:07:29,-29.6643,17.8865,43.74,90,79,4.74
548,Donskoye,RU,2021-09-19 03:07:30,45.4552,41.9741,57.33,81,96,14.12
549,Tateyama,JP,2021-09-19 03:07:30,34.9833,139.8667,80.62,68,88,21.47
550,Dublin,US,2021-09-19 03:05:17,37.7021,-121.9358,66.51,80,1,5.01
551,Caibarien,CU,2021-09-19 03:07:30,22.5206,-79.4669,79.92,83,99,9.1
552,Taoudenni,ML,2021-09-19 03:07:30,22.6783,-3.9836,93.67,17,11,22.68
553,Flin Flon,CA,2021-09-19 03:07:31,54.7682,-101.865,55.38,67,88,6.87
554,Casper,US,2021-09-19 03:07:31,42.8666,-106.3131,73.51,38,1,11.01
555,Portsmouth,GB,2021-09-19 03:07:31,50.799,-1.0913,61.11,86,94,1.01
556,Tigil,RU,2021-09-19 03:07:32,57.8,158.6667,61.0,50,100,4.85
557,Gudari,IN,2021-09-19 03:07:32,19.35,83.7833,82.76,78,97,2.13
558,Porto De Moz,BR,2021-09-19 03:07:32,-1.7483,-52.2383,76.14,79,80,3.74
559,Formosa,AR,2021-09-19 03:07:32,-26.1775,-58.1781,75.18,78,0,8.05
560,Nha Trang,VN,2021-09-19 03:04:54,12.25,109.1833,77.0,98,100,2.42
561,Kaohsiung,TW,2021-09-19 03:07:33,22.6163,120.3133,89.69,77,75,4.0
562,Balkanabat,TM,2021-09-19 03:07:33,39.5108,54.3671,73.71,77,8,9.44
563,Oudtshoorn,ZA,2021-09-19 03:07:33,-33.5907,22.2014,57.29,42,36,4.32
564,Zhigansk,RU,2021-09-19 03:07:34,66.7697,123.3711,36.88,67,99,11.92
565,Juneau,US,2021-09-19 03:07:34,58.3019,-134.4197,53.6,84,40,0.0
566,Changde,CN,2021-09-19 03:07:34,29.0464,111.6783,89.92,58,83,10.8
567,Catuday,PH,2021-09-19 03:02:57,16.2923,119.8062,84.72,67,58,5.55
568,Mao,ES,2021-09-19 03:07:34,39.8885,4.2658,73.96,78,0,4.61
569,Grand Junction,US,2021-09-19 03:02:57,39.0639,-108.5507,65.23,74,90,13.0
570,Fomboni,KM,2021-09-19 03:07:35,-12.28,43.7425,77.09,77,72,22.17
571,Gat,IL,2021-09-19 03:07:35,31.61,34.7642,73.4,69,0,4.25
572,Zabol,AF,2021-09-19 03:07:35,32.25,67.25,72.57,9,0,1.68
573,Havoysund,NO,2021-09-19 03:07:36,70.9963,24.6622,43.68,74,98,9.8
574,Amga,RU,2021-09-19 03:07:36,60.8953,131.9608,36.66,92,100,12.37
575,Utete,TZ,2021-09-19 03:07:36,-7.986,38.758,75.45,70,100,3.15
576,Antofagasta,CL,2021-09-19 03:07:36,-23.65,-70.4,58.28,83,100,4.16
577,Hays,US,2021-09-19 03:07:37,30.0502,-98.0336,82.8,69,0,3.29
578,Canutama,BR,2021-09-19 03:07:37,-6.5339,-64.3831,72.81,96,62,3.51
579,Lufilufi,WS,2021-09-19 03:07:37,-13.8745,-171.5986,89.38,73,10,12.15
580,Boden,SE,2021-09-19 03:07:37,65.8252,21.6886,41.0,80,100,3.49
581,Torbay,CA,2021-09-19 03:03:21,47.6666,-52.7314,61.57,90,75,19.57
582,Tingi,TZ,2021-09-19 03:07:38,-11.3,35.0333,60.6,88,25,6.42
583,Puerto Madryn,AR,2021-09-19 03:07:38,-42.7692,-65.0385,53.2,56,19,7.92
584,Kamaishi,JP,2021-09-19 03:07:38,39.2667,141.8833,74.41,58,20,5.19
585,Tampere,FI,2021-09-19 03:07:39,61.4991,23.7871,41.72,100,0,3.44
586,Amazar,RU,2021-09-19 03:07:39,53.858,120.875,54.46,46,9,6.29
587,Ullapool,GB,2021-09-19 03:07:39,57.8987,-5.1604,54.95,86,84,5.28
588,Ola,RU,2021-09-19 03:07:39,59.5833,151.2833,48.67,87,95,6.51
589,Saint-Georges,GD,2021-09-19 03:07:40,12.0564,-61.7485,79.05,78,83,5.14
590,Lakatoro,VU,2021-09-19 03:07:40,-16.0999,167.4164,80.94,73,46,13.96
591,Lasa,IT,2021-09-19 03:07:40,46.6166,10.7002,57.61,92,91,2.42
592,Phuket,TH,2021-09-19 03:07:40,8.0,98.25,84.42,79,20,9.22
593,Lichinga,MZ,2021-09-19 03:07:41,-13.3128,35.2406,59.41,83,96,9.64
594,Iquique,CL,2021-09-19 03:07:41,-20.2208,-70.1431,59.04,79,88,3.24
595,Isla Mujeres,MX,2021-09-19 03:07:41,21.2311,-86.731,82.45,82,11,8.05
596,Hrubieszow,PL,2021-09-19 03:07:42,50.805,23.8925,43.05,91,100,11.52
597,Keti Bandar,PK,2021-09-19 03:07:42,24.1447,67.4497,83.98,77,88,11.03
598,Winslow,US,2021-09-19 03:07:42,35.0242,-110.6974,73.58,53,90,11.5
599,Srednekolymsk,RU,2021-09-19 03:07:43,67.45,153.6833,37.63,44,40,19.13
600,Honiara,SB,2021-09-19 03:07:43,-9.4333,159.95,87.1,67,25,11.65
601,Porto Empedocle,IT,2021-09-19 03:07:43,37.2934,13.5264,74.32,74,36,6.51
602,Tautira,PF,2021-09-19 03:07:43,-17.7333,-149.15,75.22,80,67,18.63
603,Conceicao Do Araguaia,BR,2021-09-19 03:07:44,-8.2578,-49.2647,84.6,32,74,4.21
604,Acarau,BR,2021-09-19 03:07:44,-2.8856,-40.12,78.19,80,7,18.57
605,Thap Than,TH,2021-09-19 03:07:44,15.4606,99.8917,85.91,68,14,4.61
606,Seydi,TM,2021-09-19 03:07:44,39.4816,62.9137,71.56,19,0,13.06
607,Maragogi,BR,2021-09-19 03:07:45,-9.0122,-35.2225,73.09,78,10,6.62
608,Cap-Aux-Meules,CA,2021-09-19 03:07:45,47.3821,-61.8597,60.57,76,67,13.33
609,Belen,TR,2021-09-19 03:07:45,36.4891,36.2233,60.94,73,0,2.3
610,Swakopmund,NA,2021-09-19 03:07:45,-22.6833,14.5333,50.99,83,0,1.99
611,Cabo Rojo,PR,2021-09-19 03:07:46,18.0866,-67.1457,79.23,86,2,4.76
612,Lompoc,US,2021-09-19 03:07:46,34.6391,-120.4579,62.78,83,1,4.61
613,Pacific Grove,US,2021-09-19 03:07:46,36.6177,-121.9166,66.02,90,90,1.99
614,Sechura,PE,2021-09-19 03:07:47,-5.5569,-80.8222,63.97,78,1,13.49
615,Manresa,ES,2021-09-19 03:07:47,41.725,1.8266,68.18,76,18,5.99
616,Xuddur,SO,2021-09-19 03:07:47,4.1213,43.8894,71.19,70,84,14.16
617,Tual,ID,2021-09-19 03:07:48,-5.6667,132.75,79.11,83,96,17.34
618,Caohai,CN,2021-09-19 03:07:48,26.8661,104.2841,52.79,91,100,6.24
619,High Prairie,CA,2021-09-19 03:07:48,55.4334,-116.4858,42.64,92,44,4.23
620,Odweyne,SO,2021-09-19 03:07:48,9.4092,45.064,75.13,57,2,11.43
621,Shaunavon,CA,2021-09-19 03:07:49,49.6501,-108.4181,68.25,33,94,14.81
622,Koumac,NC,2021-09-19 03:07:49,-20.5667,164.2833,73.78,55,4,8.79
623,Kindu,CD,2021-09-19 03:07:49,-2.95,25.95,68.49,98,100,4.47
624,Pingliang,CN,2021-09-19 03:07:49,35.5392,106.6861,66.47,55,39,4.99
625,Ratangarh,IN,2021-09-19 03:07:50,28.0833,74.6,82.2,69,33,6.82
626,Luena,AO,2021-09-19 03:07:50,-11.7833,19.9167,63.14,68,54,4.32
627,Urusha,RU,2021-09-19 03:07:50,54.05,122.9,50.85,49,93,5.06
628,Nhulunbuy,AU,2021-09-19 03:07:50,-12.2333,136.7667,84.81,51,75,16.11
629,Sokolov,CZ,2021-09-19 03:07:51,50.1813,12.6401,53.83,89,80,3.29
630,Kroya,ID,2021-09-19 03:07:51,-7.6331,109.2461,82.74,70,79,11.34
631,Monmouth,US,2021-09-19 03:07:51,40.3001,-74.1663,78.08,83,1,3.44
632,Santa Cruz,BO,2021-09-19 03:02:55,-17.8,-63.1667,78.89,41,1,6.02
633,Vila,PT,2021-09-19 03:07:51,42.0304,-8.1588,49.08,91,10,4.21
634,Santa Fe,AR,2021-09-19 03:07:52,-31.6333,-60.7,68.0,74,0,1.99
635,Khandyga,RU,2021-09-19 03:07:52,62.6667,135.6,47.93,78,100,7.18
636,Broome,US,2021-09-19 03:07:52,42.2506,-75.833,63.01,84,1,3.44
637,Erenhot,CN,2021-09-19 03:07:52,43.6475,111.9767,71.74,31,100,10.49
638,Gamboma,CG,2021-09-19 03:07:53,-1.8764,15.8644,72.46,91,100,2.68
639,Cap Malheureux,MU,2021-09-19 03:07:53,-19.9842,57.6142,70.47,82,83,5.01
640,Alba,PL,2021-09-19 03:07:54,52.0324,23.1165,43.63,93,100,12.24
641,Shabo,UA,2021-09-19 03:07:54,46.1326,30.386,52.25,80,68,8.03
642,Dresden,DE,2021-09-19 03:07:55,51.0509,13.7383,54.3,89,75,5.75
643,Emba,KZ,2021-09-19 03:07:55,48.8264,58.1442,42.1,56,21,6.73
644,Romanovka,RU,2021-09-19 03:07:56,51.7443,42.7527,49.24,47,100,12.21
645,Hibbing,US,2021-09-19 03:07:56,47.4272,-92.9377,63.9,54,3,11.25
646,Biltine,TD,2021-09-19 03:07:57,14.5333,20.9167,81.82,53,50,4.41
647,Vao,NC,2021-09-19 03:07:57,-22.6667,167.4833,68.97,59,100,16.89
648,Baruun-Urt,MN,2021-09-19 03:07:57,46.6806,113.2792,57.33,70,49,15.68
649,Natal,BR,2021-09-19 03:04:50,-5.795,-35.2094,75.85,83,0,3.44
650,Miranda,CO,2021-09-19 03:07:59,3.2499,-76.2281,71.73,82,79,3.4
651,Castlebar,IE,2021-09-19 03:07:59,53.85,-9.3,55.58,93,47,4.59
652,Rudbar,AF,2021-09-19 03:07:59,30.15,62.6,79.61,22,80,7.27
653,Palmer,US,2021-09-19 03:08:00,42.1584,-72.3287,70.41,85,90,1.99
654,Gillette,US,2021-09-19 03:08:00,44.2911,-105.5022,75.02,29,1,17.0
655,Newala,TZ,2021-09-19 03:08:00,-10.9431,39.2787,61.93,97,52,1.45
656,Kozyatyn,UA,2021-09-19 03:08:01,49.7143,28.8339,48.72,98,30,7.2
657,Chupa,RU,2021-09-19 03:08:01,66.27,33.0549,40.98,79,100,2.8
658,Namibe,AO,2021-09-19 03:08:01,-15.1961,12.1522,59.67,87,8,5.01
659,Green River,US,2021-09-19 03:06:25,41.5286,-109.4662,63.16,49,40,11.99
660,Dzhebariki-Khaya,RU,2021-09-19 03:08:01,62.2167,135.8,40.77,95,100,7.56
661,Marawi,PH,2021-09-19 03:08:02,7.9986,124.2928,76.64,73,48,2.95
662,Jiuquan,CN,2021-09-19 03:08:02,39.7432,98.5174,75.96,18,41,18.81
663,Lodwar,KE,2021-09-19 03:08:02,3.1191,35.5973,77.72,63,83,1.88
664,Mount Isa,AU,2021-09-19 03:08:03,-20.7333,139.5,89.37,22,0,13.8
665,Khartoum,SD,2021-09-19 03:06:57,15.5518,32.5324,82.02,71,99,9.82
666,Mackay,AU,2021-09-19 03:08:03,-21.15,149.2,78.04,57,9,12.68
667,Pryozerne,UA,2021-09-19 03:08:03,45.2698,36.3303,67.03,88,50,12.3
