City_ID,City,Country,Date,Lat,Lng,Max Temp,Humidity,Cloudiness,Wind Speed
0,Nantucket,US,2021-09-25 02:42:23,41.2835,-70.0995,71.96,94,20,12.66
1,Alofi,NU,2021-09-25 02:39:25,-19.0595,-169.9187,75.09,83,27,10.36
2,Mar Del Plata,AR,2021-09-25 02:34:50,-38.0023,-57.5575,55.13,59,0,1.99
3,Yumen,CN,2021-09-25 02:46:32,40.2833,97.2,57.97,40,9,15.93
4,Portland,US,2021-09-25 02:36:17,45.5234,-122.6762,81.18,42,1,1.01
5,Ankang,CN,2021-09-25 02:46:32,32.68,109.0172,81.82,74,96,3.15
6,Keti Bandar,PK,2021-09-25 02:46:33,24.1447,67.4497,84.38,76,78,6.02
7,Mataura,NZ,2021-09-25 02:38:24,-46.1927,168.8643,47.48,86,96,10.71
8,Puerto Ayora,EC,2021-09-25 02:38:14,-0.7393,-90.3518,69.55,89,86,5.7
9,Tiksi,RU,2021-09-25 02:39:09,71.6872,128.8694,33.89,76,100,20.69
10,Inverness,GB,2021-09-25 02:46:33,57.4791,-4.224,53.51,93,55,3.44
11,Kourou,GF,2021-09-25 02:46:33,5.1552,-52.6478,83.1,89,89,6.51
12,Busselton,AU,2021-09-25 02:38:15,-33.65,115.3333,61.05,55,3,16.46
13,Thompson,CA,2021-09-25 02:35:01,55.7435,-97.8558,42.96,93,90,10.36
14,Taveta,KE,2021-09-25 02:46:34,-3.3963,37.6736,65.98,84,79,3.2
15,Joniskis,LT,2021-09-25 02:46:34,56.2403,23.6153,52.72,93,100,14.34
16,Torbay,CA,2021-09-25 02:35:31,47.6666,-52.7314,47.57,83,75,6.91
17,Antalaha,MG,2021-09-25 02:46:35,-14.9003,50.2788,70.18,90,93,7.34
18,Kahului,US,2021-09-25 02:37:12,20.8947,-156.47,84.22,70,40,20.71
19,Port Elizabeth,ZA,2021-09-25 02:37:29,-33.918,25.5701,50.29,93,0,1.14
20,Punta Arenas,CL,2021-09-25 02:38:13,-53.15,-70.9167,37.51,87,40,11.5
21,Zhangjiakou,CN,2021-09-25 02:46:35,40.81,114.8794,62.44,88,98,9.69
22,Vaini,TO,2021-09-25 02:38:25,-21.2,-175.2,75.36,73,20,12.66
23,Rikitea,PF,2021-09-25 02:36:32,-23.1203,-134.9692,74.05,79,100,16.71
24,Jamestown,US,2021-09-25 02:35:28,42.097,-79.2353,57.72,83,1,1.01
25,Cape Town,ZA,2021-09-25 02:35:43,-33.9258,18.4232,54.27,92,75,2.3
26,Westport,US,2021-09-25 02:38:38,41.1415,-73.3579,67.17,88,1,3.0
27,Barrow,US,2021-09-25 02:36:48,71.2906,-156.7887,28.42,93,75,0.0
28,Albany,US,2021-09-25 02:35:28,42.6001,-73.9662,56.62,86,1,1.63
29,Xining,CN,2021-09-25 02:46:36,36.6167,101.7667,62.22,56,100,4.14
30,Ahipara,NZ,2021-09-25 02:39:13,-35.1667,173.1667,60.58,69,6,8.99
31,Sadao,TH,2021-09-25 02:46:36,6.6388,100.4234,83.73,61,95,3.85
32,Ilulissat,GL,2021-09-25 02:38:50,69.2167,-51.1,24.82,54,75,2.3
33,Dikson,RU,2021-09-25 02:36:54,73.5069,80.5464,35.96,88,100,17.38
34,Tilichiki,RU,2021-09-25 02:39:33,60.4667,166.1,45.19,40,98,4.27
35,Mandera,KE,2021-09-25 02:40:05,3.9366,41.867,75.56,58,74,11.14
36,East London,ZA,2021-09-25 02:39:00,-33.0153,27.9116,59.88,75,21,8.19
37,Coquimbo,CL,2021-09-25 02:46:14,-29.9533,-71.3436,55.13,94,90,0.0
38,Kalabo,ZM,2021-09-25 02:46:37,-14.97,22.6814,61.99,38,0,5.48
39,Bluff,NZ,2021-09-25 02:38:25,-46.6,168.3333,47.8,69,84,30.62
40,Kavieng,PG,2021-09-25 02:39:41,-2.5744,150.7967,83.66,72,14,10.2
41,Bethel,US,2021-09-25 02:38:43,41.3712,-73.414,61.92,91,1,3.44
42,Longyearbyen,SJ,2021-09-25 02:37:21,78.2186,15.6401,39.04,93,75,0.0
43,Kapaa,US,2021-09-25 02:38:14,22.0752,-159.319,82.38,76,75,3.0
44,Kodiak,US,2021-09-25 02:38:03,57.79,-152.4072,51.31,25,1,6.91
45,Ribeira Grande,PT,2021-09-25 02:37:00,38.5167,-28.7,70.66,82,100,20.02
46,Yacuiba,BO,2021-09-25 02:46:37,-22.038,-63.6797,58.98,47,21,3.44
47,Quatre Cocos,MU,2021-09-25 02:39:57,-20.2078,57.7625,73.09,75,52,19.6
48,Solnechnyy,RU,2021-09-25 02:46:38,50.7214,136.6319,63.23,47,6,5.19
49,Maceio,BR,2021-09-25 02:40:30,-9.6658,-35.7353,80.04,83,75,9.22
50,Boa Vista,BR,2021-09-25 02:44:17,2.8197,-60.6733,85.98,58,20,9.22
51,Ancona,IT,2021-09-25 02:46:38,43.55,13.1667,67.6,63,0,3.0
52,Champerico,GT,2021-09-25 02:46:38,14.3,-91.9167,80.35,88,100,5.82
53,Hobart,AU,2021-09-25 02:36:51,-42.8794,147.3294,51.12,65,20,3.0
54,Hermanus,ZA,2021-09-25 02:36:30,-34.4187,19.2345,53.91,83,100,4.12
55,Qaanaaq,GL,2021-09-25 02:38:23,77.484,-69.3632,15.12,68,25,8.19
56,Khatanga,RU,2021-09-25 02:38:33,71.9667,102.5,33.87,78,100,10.07
57,Los Llanos De Aridane,ES,2021-09-25 02:46:39,28.6585,-17.9182,66.13,78,0,8.05
58,Mitsamiouli,KM,2021-09-25 02:46:39,-11.3847,43.2844,75.51,74,0,7.18
59,Esperance,AU,2021-09-25 02:38:30,-33.8667,121.9,60.64,48,43,13.18
60,Sur,OM,2021-09-25 02:38:48,22.5667,59.5289,84.76,65,100,3.4
61,Victoria,HK,2021-09-25 02:34:21,22.2855,114.1577,93.22,73,52,3.0
62,Larap,PH,2021-09-25 02:46:40,14.299,122.6504,84.06,80,39,7.2
63,Port Hedland,AU,2021-09-25 02:38:39,-20.3167,118.5667,80.65,65,43,10.36
64,Klaksvik,FO,2021-09-25 02:36:38,62.2266,-6.589,45.52,75,100,10.16
65,Zalantun,CN,2021-09-25 02:46:40,48.0,122.7167,54.73,83,100,3.11
66,Swan River,CA,2021-09-25 02:42:17,52.1058,-101.2676,46.29,66,30,5.75
67,Krasnoselkup,RU,2021-09-25 02:46:40,65.7,82.4667,35.24,72,7,13.78
68,Sitka,US,2021-09-25 02:34:51,57.0531,-135.33,49.89,76,75,9.22
69,Lakes Entrance,AU,2021-09-25 02:46:41,-37.8811,147.981,55.58,58,72,12.46
70,Avarua,CK,2021-09-25 02:35:07,-21.2078,-159.775,77.05,57,98,8.05
71,Saint Anthony,US,2021-09-25 02:38:21,45.0205,-93.218,55.04,62,1,5.01
72,Bambous Virieux,MU,2021-09-25 02:38:56,-20.3428,57.7575,72.21,83,40,14.97
73,Ushuaia,AR,2021-09-25 02:38:13,-54.8,-68.3,37.06,93,75,3.44
74,Atuona,PF,2021-09-25 02:38:15,-9.8,-139.0333,77.88,80,100,16.82
75,Pevek,RU,2021-09-25 02:38:17,69.7008,170.3133,28.87,76,100,14.03
76,Wahpeton,US,2021-09-25 02:43:36,46.2652,-96.6059,52.02,34,11,8.19
77,Anchorage,US,2021-09-25 02:46:42,61.2181,-149.9003,38.86,92,90,5.01
78,Pochutla,MX,2021-09-25 02:46:42,15.7432,-96.4661,77.83,90,100,3.96
79,Hilo,US,2021-09-25 02:38:17,19.7297,-155.09,80.28,83,90,5.75
80,Lebu,CL,2021-09-25 02:38:47,-37.6167,-73.65,51.6,94,11,3.56
81,Sola,VU,2021-09-25 02:39:02,-13.8833,167.55,79.09,79,69,15.39
82,Ponta Do Sol,PT,2021-09-25 02:38:26,32.6667,-17.1,69.71,69,1,0.72
83,Ketchikan,US,2021-09-25 02:46:42,55.3422,-131.6461,54.07,87,40,9.22
84,Vammala,FI,2021-09-25 02:46:43,61.3333,22.9,46.29,97,100,1.88
85,Bredasdorp,ZA,2021-09-25 02:36:30,-34.5322,20.0403,45.72,87,97,4.61
86,Luang Prabang,LA,2021-09-25 02:46:43,19.8856,102.1347,76.96,83,90,2.3
87,Anadyr,RU,2021-09-25 02:39:19,64.75,177.4833,30.7,80,0,8.01
88,Adre,TD,2021-09-25 02:46:43,13.4667,22.2,76.46,51,88,6.44
89,Pacific Grove,US,2021-09-25 02:39:30,36.6177,-121.9166,70.81,91,75,3.0
90,Hithadhoo,MV,2021-09-25 02:38:22,-0.6,73.0833,82.71,72,99,12.8
91,Cherskiy,RU,2021-09-25 02:38:58,68.75,161.3,35.82,90,100,12.5
92,Terrace Bay,CA,2021-09-25 02:43:07,48.7834,-87.1,56.82,85,100,12.35
93,Mayo,US,2021-09-25 02:40:17,38.8876,-76.5119,62.55,91,1,1.01
94,Half Moon Bay,US,2021-09-25 02:39:14,37.4636,-122.4286,76.91,85,90,4.61
95,Oum Hadjer,TD,2021-09-25 02:46:44,13.2954,19.6966,80.94,60,100,5.32
96,Ixtapa,MX,2021-09-25 02:37:19,20.7,-105.2,82.22,86,100,1.9
97,Smithers,CA,2021-09-25 02:44:18,54.7804,-127.1743,53.92,87,90,0.0
98,Kalmunai,LK,2021-09-25 02:46:44,7.4167,81.8167,83.55,71,93,1.72
99,Date,JP,2021-09-25 02:46:45,42.4681,140.8681,64.2,54,4,5.5
100,Egvekinot,RU,2021-09-25 02:46:45,66.3167,-179.1667,23.07,76,55,11.05
101,Yermakovskoye,RU,2021-09-25 02:46:45,53.2831,92.4003,42.67,60,95,4.09
102,Port Alfred,ZA,2021-09-25 02:36:35,-33.5906,26.891,58.91,82,73,7.87
103,Henties Bay,NA,2021-09-25 02:42:26,-22.116,14.2845,54.86,90,2,3.67
104,Kaitangata,NZ,2021-09-25 02:38:30,-46.2817,169.8464,47.46,90,70,16.6
105,Porosozero,RU,2021-09-25 02:46:46,62.7191,32.727,41.54,95,100,6.53
106,Port Lincoln,AU,2021-09-25 02:38:20,-34.7333,135.8667,54.77,58,65,12.12
107,Castro,BR,2021-09-25 02:39:11,-24.7911,-50.0119,55.18,97,34,5.1
108,Scarborough,GB,2021-09-25 02:46:46,54.2797,-0.4044,64.22,94,100,6.49
109,Cabo San Lucas,MX,2021-09-25 02:37:46,22.8909,-109.9124,85.6,74,2,8.63
110,Srednekolymsk,RU,2021-09-25 02:40:42,67.45,153.6833,42.57,58,100,11.95
111,Zhigansk,RU,2021-09-25 02:39:03,66.7697,123.3711,38.55,63,100,16.04
112,Faya,SA,2021-09-25 02:39:42,18.3851,42.4509,59.52,61,91,1.59
113,Verkhnetulomskiy,RU,2021-09-25 02:46:47,68.6073,31.7962,46.53,93,100,5.48
114,Airai,TL,2021-09-25 02:36:57,-8.9266,125.4092,79.07,36,28,2.86
115,Paranhos,BR,2021-09-25 02:46:47,-23.8928,-55.4311,65.43,52,1,4.0
116,Tuktoyaktuk,CA,2021-09-25 02:36:54,69.4541,-133.0374,33.8,100,90,18.41
117,Arraial Do Cabo,BR,2021-09-25 02:38:21,-22.9661,-42.0278,69.12,77,98,24.02
118,Mombetsu,JP,2021-09-25 02:46:48,44.3525,143.3525,62.62,63,40,11.5
119,Saldanha,ZA,2021-09-25 02:39:49,-33.0117,17.9442,42.85,86,100,3.78
120,Touros,BR,2021-09-25 02:35:50,-5.1989,-35.4608,77.9,79,0,15.97
121,San Patricio,US,2021-09-25 02:39:47,28.017,-97.5169,78.82,58,67,6.98
122,Kenai,US,2021-09-25 02:43:51,60.5544,-151.2583,40.14,86,90,8.05
123,Bull Savanna,JM,2021-09-25 02:46:48,17.8868,-77.5902,76.91,84,6,5.21
124,Guadalupe Y Calvo,MX,2021-09-25 02:46:48,26.1,-106.9667,53.31,95,23,2.64
125,Faanui,PF,2021-09-25 02:36:56,-16.4833,-151.75,77.23,62,0,2.06
126,Oussouye,SN,2021-09-25 02:46:49,12.485,-16.5469,77.18,91,26,1.57
127,Susanville,US,2021-09-25 02:35:52,40.4163,-120.653,67.82,30,2,1.99
128,Port Blair,IN,2021-09-25 02:38:16,11.6667,92.75,82.89,78,93,14.5
129,Ingham,US,2021-09-25 02:46:49,42.6,-84.3833,62.55,70,1,6.91
130,Butaritari,KI,2021-09-25 02:38:30,3.0707,172.7902,83.73,73,11,10.29
131,Venado Tuerto,AR,2021-09-25 02:46:49,-33.7456,-61.9688,54.79,77,0,9.28
132,Chernyshevskiy,RU,2021-09-25 02:46:50,63.0128,112.4714,40.64,75,100,8.61
133,Eidsvag,NO,2021-09-25 02:46:50,62.7767,8.0668,50.65,93,100,8.77
134,Souillac,MU,2021-09-25 02:39:56,-20.5167,57.5167,73.36,83,40,14.97
135,Narsaq,GL,2021-09-25 02:38:34,60.9167,-46.05,34.02,43,0,4.21
136,Puerto Escondido,MX,2021-09-25 02:39:23,15.85,-97.0667,80.17,85,100,3.6
137,Bubaque,GW,2021-09-25 02:46:50,11.2833,-15.8333,80.71,79,81,3.67
138,Kendari,ID,2021-09-25 02:46:51,-3.945,122.4989,84.97,61,55,2.26
139,Grand Gaube,MU,2021-09-25 02:39:44,-20.0064,57.6608,73.38,71,32,11.01
140,Saint-Philippe,RE,2021-09-25 02:36:50,-21.3585,55.7679,69.35,83,4,13.96
141,Nanortalik,GL,2021-09-25 02:38:58,60.1432,-45.2371,36.39,65,2,9.89
142,Magole,TZ,2021-09-25 02:46:51,-6.3667,37.3667,66.38,92,20,1.99
143,Saint George,US,2021-09-25 02:39:36,37.1041,-113.5841,88.39,13,1,3.0
144,Isangel,VU,2021-09-25 02:40:57,-19.55,169.2667,75.31,73,90,0.0
145,Hopelchen,MX,2021-09-25 02:46:14,19.7667,-89.85,72.63,99,100,2.55
146,Mogadishu,SO,2021-09-25 02:46:51,2.0371,45.3438,77.36,84,65,14.67
147,Shache,CN,2021-09-25 02:38:33,38.4167,77.2406,74.55,13,0,5.46
148,Pulsano,IT,2021-09-25 02:46:52,40.3821,17.3564,67.19,67,0,2.17
149,Kashi,CN,2021-09-25 02:46:52,39.4547,75.9797,69.01,8,0,6.71
150,Severo-Kurilsk,RU,2021-09-25 02:39:01,50.6789,156.125,47.57,93,100,30.11
151,Guerrero Negro,MX,2021-09-25 02:35:46,27.9769,-114.0611,72.45,72,100,13.98
152,Ndele,CF,2021-09-25 02:46:52,8.4109,20.6473,67.6,96,100,4.09
153,Cidreira,BR,2021-09-25 02:37:14,-30.1811,-50.2056,60.06,85,34,2.91
154,Qasigiannguit,GL,2021-09-25 02:41:55,68.8193,-51.1922,25.05,84,84,5.99
155,Vardo,NO,2021-09-25 02:38:18,70.3705,31.1107,46.11,93,100,12.77
156,Bochov,CZ,2021-09-25 02:46:53,50.1487,13.0523,54.97,82,75,2.3
157,Lata,PT,2021-09-25 02:39:14,40.1629,-8.3327,62.82,90,100,4.43
158,Kindu,CD,2021-09-25 02:46:53,-2.95,25.95,68.34,94,99,1.74
159,Batagay-Alyta,RU,2021-09-25 02:46:53,67.8006,130.4114,33.44,75,57,1.1
160,Pangnirtung,CA,2021-09-25 02:40:58,66.1451,-65.7125,32.61,52,39,3.74
161,Tyler,US,2021-09-25 02:46:54,32.3513,-95.3011,71.65,65,1,0.0
162,Keskin,TR,2021-09-25 02:46:54,39.6731,33.6136,48.07,54,14,5.77
163,Mogocha,RU,2021-09-25 02:46:54,53.7333,119.7667,53.02,63,97,0.67
164,Lazaro Cardenas,MX,2021-09-25 02:40:26,17.9583,-102.2,80.51,84,56,2.98
165,Chifeng,CN,2021-09-25 02:44:36,42.2683,118.9636,67.86,69,70,7.58
166,Varkaus,FI,2021-09-25 02:46:55,62.3153,27.873,44.71,95,100,8.14
167,Hasaki,JP,2021-09-25 02:36:42,35.7333,140.8333,75.6,70,78,17.96
168,De Aar,ZA,2021-09-25 02:39:49,-30.6497,24.0123,57.81,15,32,1.52
169,Vao,NC,2021-09-25 02:39:31,-22.6667,167.4833,68.76,66,62,11.16
170,Iqaluit,CA,2021-09-25 02:44:39,63.7506,-68.5145,26.33,92,20,10.0
171,Bonthe,SL,2021-09-25 02:46:55,7.5264,-12.505,76.77,89,100,4.12
172,Carnarvon,AU,2021-09-25 02:38:29,-24.8667,113.6333,71.67,64,40,16.11
173,Sidi Ali,DZ,2021-09-25 02:46:56,36.0998,0.4206,70.39,94,66,3.85
174,Mount Gambier,AU,2021-09-25 02:39:17,-37.8333,140.7667,51.71,66,75,14.97
175,Wagga Wagga,AU,2021-09-25 02:46:56,-35.1167,147.3667,59.59,51,40,14.97
176,Provideniya,RU,2021-09-25 02:38:36,64.3833,-173.3,33.51,89,100,16.71
177,Vila Velha,BR,2021-09-25 02:34:31,-20.3297,-40.2925,69.75,73,75,4.61
178,Tallahassee,US,2021-09-25 02:46:19,30.4383,-84.2807,72.64,88,1,0.0
179,Langham,CA,2021-09-25 02:46:56,52.3668,-106.9679,56.01,34,82,9.44
180,Mayumba,GA,2021-09-25 02:46:57,-3.432,10.6554,74.37,91,70,3.47
181,Mirnyy,RU,2021-09-25 02:46:57,62.5353,113.9611,41.31,75,100,8.86
182,Navahrudak,BY,2021-09-25 02:46:57,53.6,25.8333,47.07,95,100,10.56
183,Puri,IN,2021-09-25 02:46:58,19.8,85.85,85.37,77,96,5.08
184,Hualmay,PE,2021-09-25 02:39:39,-11.0964,-77.6139,62.19,85,59,7.58
185,Front Royal,US,2021-09-25 02:46:58,38.9182,-78.1944,57.88,93,1,2.3
186,Janauba,BR,2021-09-25 02:46:58,-15.8025,-43.3089,71.94,53,3,11.74
187,Praia,CV,2021-09-25 02:38:13,14.9215,-23.5087,77.54,83,20,9.22
188,Sakakah,SA,2021-09-25 02:39:52,29.9697,40.2064,72.97,54,0,7.47
189,Brainerd,US,2021-09-25 02:46:58,46.358,-94.2008,49.78,46,37,7.14
190,Diyarb Najm,EG,2021-09-25 02:46:59,30.7542,31.4393,68.58,72,0,6.04
191,Udachnyy,RU,2021-09-25 02:38:55,66.4167,112.4,40.95,67,94,1.99
192,Ewa Beach,US,2021-09-25 02:46:59,21.3156,-158.0072,87.75,62,40,15.99
193,Chokurdakh,RU,2021-09-25 02:38:43,70.6333,147.9167,34.57,86,100,16.37
194,Hami,CN,2021-09-25 02:39:18,42.8,93.45,63.64,28,45,4.99
195,Peniche,PT,2021-09-25 02:46:59,39.3558,-9.3811,67.62,91,29,12.64
196,Lebork,PL,2021-09-25 02:47:00,54.5392,17.7501,60.35,89,100,20.18
197,Mahebourg,MU,2021-09-25 02:38:57,-20.4081,57.7,72.25,83,40,14.97
198,Merauke,ID,2021-09-25 02:39:45,-8.4667,140.3333,81.41,78,49,17.34
199,Kiskunfelegyhaza,HU,2021-09-25 02:47:00,46.7121,19.8446,55.94,80,8,7.14
200,Araguacu,BR,2021-09-25 02:47:00,-12.9306,-49.8264,89.35,27,68,4.16
201,Ganzhou,CN,2021-09-25 02:47:01,28.8184,115.4327,90.57,56,1,4.0
202,Cabra,ES,2021-09-25 02:38:39,37.4725,-4.4421,66.18,81,97,4.45
203,Cutlerville,US,2021-09-25 02:47:01,42.8409,-85.6636,68.83,58,75,10.36
204,Gat,IL,2021-09-25 02:39:09,31.61,34.7642,69.08,59,84,4.18
205,Capanema,BR,2021-09-25 02:47:01,-1.1958,-47.1808,72.9,95,71,3.38
206,Hambantota,LK,2021-09-25 02:38:51,6.1241,81.1185,80.94,100,20,6.91
207,Talnakh,RU,2021-09-25 02:38:59,69.4865,88.3972,37.42,59,80,0.76
208,Petropavlovka,RU,2021-09-25 02:47:02,50.6114,105.3196,42.26,79,100,7.85
209,Auki,SB,2021-09-25 02:47:02,-8.7676,160.7034,87.17,62,77,2.39
210,Kolno,PL,2021-09-25 02:47:02,53.4115,21.9291,55.51,87,99,13.58
211,Vila,PT,2021-09-25 02:47:03,42.0304,-8.1588,53.22,92,100,4.05
212,Kaduqli,SD,2021-09-25 02:47:03,11.0167,29.7167,69.98,96,100,1.95
213,Antofagasta,CL,2021-09-25 02:36:03,-23.65,-70.4,58.28,68,1,2.26
214,New Norfolk,AU,2021-09-25 02:36:42,-42.7826,147.0587,50.76,67,75,1.99
215,Samana,DO,2021-09-25 02:47:03,19.2056,-69.3369,77.97,89,100,1.9
216,Sorong,ID,2021-09-25 02:38:25,-0.8833,131.25,83.59,68,100,4.16
217,Biloela,AU,2021-09-25 02:47:04,-24.4167,150.5,83.79,22,1,3.78
218,Abnub,EG,2021-09-25 02:42:54,27.2696,31.1511,73.62,51,0,7.31
219,Seydi,TM,2021-09-25 02:47:04,39.4816,62.9137,73.99,15,0,8.21
220,Paraiso,CR,2021-09-25 02:40:23,9.8383,-83.8656,65.41,97,100,2.33
221,Paamiut,GL,2021-09-25 02:39:22,61.994,-49.6678,32.97,53,0,19.42
222,Juli,PE,2021-09-25 02:47:04,-16.2167,-69.45,43.72,73,84,2.93
223,Saskylakh,RU,2021-09-25 02:38:38,71.9167,114.0833,33.01,84,100,14.99
224,Graaff-Reinet,ZA,2021-09-25 02:38:17,-32.2522,24.5308,58.24,50,44,4.99
225,Atambua,ID,2021-09-25 02:47:05,-9.1061,124.8925,85.62,47,35,4.43
226,Campos Novos,BR,2021-09-25 02:47:05,-27.4017,-51.225,50.0,98,4,3.18
227,Georgetown,MY,2021-09-25 02:38:22,5.4112,100.3354,87.73,78,20,1.01
228,Kurmanayevka,RU,2021-09-25 02:47:05,52.5093,52.0675,50.92,57,100,10.6
229,Constitucion,CL,2021-09-25 02:39:34,-35.3333,-72.4167,51.91,93,5,4.92
230,Xuddur,SO,2021-09-25 02:47:06,4.1213,43.8894,69.1,81,55,11.81
231,Coihaique,CL,2021-09-25 02:38:33,-45.5752,-72.0662,53.55,66,75,3.44
232,Afsin,TR,2021-09-25 02:47:06,38.2477,36.914,45.48,53,0,3.42
233,Conceicao Das Alagoas,BR,2021-09-25 02:47:06,-19.9147,-48.3883,85.78,29,36,2.91
234,Abay,KZ,2021-09-25 02:47:07,49.6311,72.8539,30.58,34,2,3.09
235,Road Town,VG,2021-09-25 02:47:07,18.4167,-64.6167,83.19,75,5,8.21
236,Evensk,RU,2021-09-25 02:39:46,61.95,159.2333,47.73,69,15,5.75
237,Mahibadhoo,MV,2021-09-25 02:47:07,3.7833,72.9667,82.2,72,100,16.78
238,Pelotas,BR,2021-09-25 02:46:02,-31.7719,-52.3425,53.37,98,10,6.4
239,Mufulira,ZM,2021-09-25 02:47:07,-12.5498,28.2407,63.43,46,0,7.29
240,Noda,JP,2021-09-25 02:47:08,35.9411,139.8581,75.92,59,97,10.11
241,Pisco,PE,2021-09-25 02:34:55,-13.7,-76.2167,61.02,88,10,4.61
242,Maraba,BR,2021-09-25 02:47:08,-5.3686,-49.1178,77.18,67,35,4.25
243,Tucuman,AR,2021-09-25 02:47:08,-26.8241,-65.2226,64.4,55,0,8.05
244,Broken Hill,AU,2021-09-25 02:39:30,-31.95,141.4333,58.71,41,40,11.5
245,Olafsvik,IS,2021-09-25 02:39:16,64.8945,-23.7142,40.68,76,90,17.2
246,Macas,EC,2021-09-25 02:47:09,-2.3167,-78.1167,65.64,80,80,2.21
247,Mortka,RU,2021-09-25 02:47:09,59.3322,66.0214,39.87,89,0,4.07
248,Derzhavinsk,KZ,2021-09-25 02:39:15,51.1,66.3167,43.83,46,74,11.16
249,Tuatapere,NZ,2021-09-25 02:38:35,-46.1333,167.6833,47.82,72,70,15.79
250,Kinwat,IN,2021-09-25 02:47:09,19.6333,78.2,78.4,86,100,4.38
251,Chuy,UY,2021-09-25 02:38:37,-33.6971,-53.4616,57.04,96,52,6.71
252,College,US,2021-09-25 02:40:40,64.8569,-147.8028,34.29,90,90,3.44
253,Havre-Saint-Pierre,CA,2021-09-25 02:47:10,50.2334,-63.5986,52.16,93,90,14.97
254,Eyl,SO,2021-09-25 02:47:10,7.9803,49.8164,76.46,80,75,10.78
255,Xiaoweizhai,CN,2021-09-25 02:40:01,26.1903,107.5125,78.21,72,100,8.63
256,Bima,ID,2021-09-25 02:38:34,-8.4667,118.7167,94.05,41,13,1.07
257,Dingle,PH,2021-09-25 02:47:10,10.9995,122.6711,86.95,69,94,7.9
258,Okha,RU,2021-09-25 02:47:11,53.5739,142.9478,61.57,51,7,7.92
259,Bonga,ET,2021-09-25 02:47:11,7.2833,36.2333,59.54,100,100,1.39
260,Novyy Oskol,RU,2021-09-25 02:47:11,50.7631,37.8691,47.93,96,100,5.91
261,Luanda,AO,2021-09-25 02:47:11,-8.8368,13.2343,71.6,88,20,5.75
262,Port Augusta,AU,2021-09-25 02:47:12,-32.5,137.7667,67.71,34,5,11.36
263,Presidencia Roque Saenz Pena,AR,2021-09-25 02:47:12,-26.7852,-60.4388,60.46,60,0,5.53
264,Mercedes,AR,2021-09-25 02:47:12,-34.6515,-59.4307,57.85,95,0,7.7
265,Emerald,AU,2021-09-25 02:38:27,-23.5333,148.1667,83.34,32,0,6.91
266,Requena,ES,2021-09-25 02:47:13,39.4883,-1.1004,63.14,88,96,2.19
267,Neiafu,TO,2021-09-25 02:38:54,-18.65,-173.9833,77.68,73,75,5.75
268,Veshenskaya,RU,2021-09-25 02:47:13,49.6303,41.7334,50.31,78,100,5.66
269,Nakatunguru,TZ,2021-09-25 02:47:13,-2.1167,33.0667,72.77,64,94,10.87
270,Bay Saint Louis,US,2021-09-25 02:47:13,30.3088,-89.33,69.87,92,17,5.26
271,Cosala,MX,2021-09-25 02:46:15,24.4125,-106.6908,74.64,95,8,1.41
272,Salalah,OM,2021-09-25 02:38:36,17.0151,54.0924,82.49,78,75,3.44
273,Caucaia,BR,2021-09-25 02:43:54,-3.7361,-38.6531,80.55,75,40,13.8
274,Blythe,US,2021-09-25 02:47:14,33.6103,-114.5964,86.32,37,35,8.84
275,Fare,PF,2021-09-25 02:39:00,-16.7,-151.0167,77.52,62,0,1.97
276,Queenstown,ZA,2021-09-25 02:47:14,-31.8976,26.8753,51.82,74,9,1.92
277,Sinnamary,GF,2021-09-25 02:37:32,5.3833,-52.95,79.63,87,96,8.55
278,Panjab,AF,2021-09-25 02:47:14,34.388,67.0233,53.71,29,0,3.69
279,Ulaanbaatar,MN,2021-09-25 02:42:51,47.9077,106.8832,60.93,48,40,20.13
280,Laguna,US,2021-09-25 02:39:29,38.421,-121.4238,90.1,29,1,5.75
281,Nikolskoye,RU,2021-09-25 02:38:16,59.7035,30.7861,46.87,93,100,7.56
282,Kokkarion,GR,2021-09-25 02:47:15,37.7764,26.8939,66.92,71,0,5.99
283,Hailar,CN,2021-09-25 02:47:15,49.2,119.7,61.2,72,79,7.63
284,Hesla,IN,2021-09-25 02:47:15,24.0667,85.8833,82.62,73,3,3.94
285,Buala,SB,2021-09-25 02:47:16,-8.145,159.5921,85.3,69,92,7.31
286,Beringovskiy,RU,2021-09-25 02:39:11,63.05,179.3167,32.83,90,100,22.91
287,Kudahuvadhoo,MV,2021-09-25 02:47:16,2.6708,72.8944,82.63,71,99,17.22
288,Ancud,CL,2021-09-25 02:39:05,-41.8697,-73.8203,50.43,93,100,11.12
289,Suriapet,IN,2021-09-25 02:47:17,17.15,79.6167,82.35,77,100,8.57
290,Baruun-Urt,MN,2021-09-25 02:40:19,46.6806,113.2792,64.63,60,100,11.43
291,Khairabad,IN,2021-09-25 02:47:17,27.5333,80.75,82.54,81,28,7.05
292,Santa Cruz,BO,2021-09-25 02:44:40,-17.8,-63.1667,72.86,49,8,4.61
293,Haines Junction,CA,2021-09-25 02:44:17,60.7522,-137.5108,42.75,49,65,11.5
294,Turukhansk,RU,2021-09-25 02:47:17,65.8167,87.9833,35.15,83,15,10.83
295,Namatanai,PG,2021-09-25 02:39:58,-3.6667,152.4333,83.57,71,26,7.63
296,Naze,JP,2021-09-25 02:40:58,28.3667,129.4833,85.12,79,27,13.85
297,Grindavik,IS,2021-09-25 02:47:18,63.8424,-22.4338,40.95,81,90,16.11
298,Sembe,CG,2021-09-25 02:47:18,1.6481,14.5806,67.75,98,100,2.01
299,Saint-Pierre,RE,2021-09-25 02:36:57,-21.3393,55.4781,69.44,74,0,6.91
300,Bandarbeyla,SO,2021-09-25 02:38:21,9.4942,50.8122,77.63,78,100,21.94
301,Bayeux,BR,2021-09-25 02:47:18,-7.125,-34.9322,75.83,94,75,5.75
302,Kannangad,IN,2021-09-25 02:47:19,12.3081,75.1063,80.01,83,100,3.06
303,Mabamba,TZ,2021-09-25 02:47:19,-3.5983,30.5019,65.97,55,57,2.1
304,Aasiaat,GL,2021-09-25 02:47:19,68.7098,-52.8699,15.64,92,79,6.71
305,Nowa Sol,PL,2021-09-25 02:47:20,51.8033,15.717,61.99,88,56,11.27
306,Vanavara,RU,2021-09-25 02:47:20,60.34,102.2797,40.17,50,11,3.98
307,Williston,US,2021-09-25 02:47:20,48.147,-103.618,54.32,31,13,4.34
308,Jablah,SY,2021-09-25 02:47:20,35.3614,35.9256,71.29,52,0,4.27
309,Wolgast,DE,2021-09-25 02:47:21,54.05,13.7667,58.86,92,91,18.45
310,Cayenne,GF,2021-09-25 02:38:20,4.9333,-52.3333,83.08,82,55,1.99
311,Itarema,BR,2021-09-25 02:47:21,-2.9248,-39.9167,78.51,85,25,17.76
312,Smirnykh,RU,2021-09-25 02:47:21,49.75,142.8333,63.09,42,0,6.17
313,Baykit,RU,2021-09-25 02:40:04,61.67,96.37,38.35,75,98,3.96
314,Saint-Francois,FR,2021-09-25 02:39:30,46.4154,3.9054,54.84,100,0,1.14
315,Gizo,SB,2021-09-25 02:38:36,-8.103,156.8419,84.49,70,84,2.95
316,Qinnan,CN,2021-09-25 02:47:22,33.2531,119.9133,76.51,74,100,14.16
317,Kamaishi,JP,2021-09-25 02:42:56,39.2667,141.8833,72.55,76,79,5.12
318,Norman Wells,CA,2021-09-25 02:38:32,65.282,-126.8329,37.44,93,90,11.5
319,Okuchi,JP,2021-09-25 02:47:22,32.0667,130.6167,79.48,60,92,4.05
320,Abonnema,NG,2021-09-25 02:47:22,4.7084,6.7931,73.8,92,89,1.12
321,Davila,PH,2021-09-25 02:47:23,18.4726,120.5763,89.58,67,86,12.01
322,Farafangana,MG,2021-09-25 02:47:23,-22.8167,47.8333,69.15,82,43,8.23
323,Kangaatsiaq,GL,2021-09-25 02:39:58,68.3065,-53.4641,29.23,84,100,4.74
324,Chara,RU,2021-09-25 02:47:23,56.9064,118.2631,44.37,67,73,0.51
325,Atasu,KZ,2021-09-25 02:47:24,48.6814,71.6433,46.24,29,0,6.38
326,Pasighat,IN,2021-09-25 02:47:24,28.0667,95.3333,87.28,62,17,1.99
327,Bristol,US,2021-09-25 02:46:08,41.8334,-71.1662,70.9,85,90,0.0
328,Ostrovnoy,RU,2021-09-25 02:40:17,68.0531,39.5131,47.08,92,100,18.52
329,Calhoun,US,2021-09-25 02:47:24,42.2506,-85.0005,66.02,43,1,8.05
330,Jumla,NP,2021-09-25 02:47:24,29.2747,82.1838,61.47,85,100,2.48
331,Oliveira Dos Brejinhos,BR,2021-09-25 02:47:25,-12.3169,-42.8961,73.29,64,31,5.39
332,Hofn,IS,2021-09-25 02:38:28,64.2539,-15.2082,37.94,91,100,13.04
333,Tobol,KZ,2021-09-25 02:47:25,52.6844,62.5794,43.32,48,33,8.9
334,Jiexiu,CN,2021-09-25 02:40:47,37.0244,111.9125,67.3,81,88,12.82
335,Mount Isa,AU,2021-09-25 02:40:41,-20.7333,139.5,89.37,12,69,8.05
336,Vila Do Maio,CV,2021-09-25 02:47:25,15.1333,-23.2167,77.79,74,61,10.63
337,Husavik,IS,2021-09-25 02:38:18,66.0449,-17.3389,35.51,90,100,6.22
338,Russell,US,2021-09-25 02:47:26,32.3502,-85.1999,65.43,93,1,0.0
339,Alpena,US,2021-09-25 02:47:26,45.0617,-83.4327,62.74,85,90,3.0
340,Teeli,RU,2021-09-25 02:39:46,51.0333,90.2333,35.33,62,100,0.89
341,Geraldton,AU,2021-09-25 02:38:41,-28.7667,114.6,70.21,37,0,4.61
342,Eureka,US,2021-09-25 02:40:52,40.8021,-124.1637,59.36,78,53,4.61
343,Playas,EC,2021-09-25 02:47:27,-2.6333,-80.3833,71.13,86,40,11.95
344,Rudnogorsk,RU,2021-09-25 02:47:27,57.2639,103.7519,40.05,69,97,3.78
345,Tessalit,ML,2021-09-25 02:39:09,20.1986,1.0114,85.57,10,5,10.02
346,Mehamn,NO,2021-09-25 02:40:31,71.0357,27.8492,44.87,91,100,10.49
347,Kununurra,AU,2021-09-25 02:36:12,-15.7667,128.7333,89.58,14,25,4.61
348,Codrington,AU,2021-09-25 02:38:49,-38.2667,141.9667,52.21,54,86,12.97
349,Sernovodsk,RU,2021-09-25 02:47:27,43.3117,45.1594,49.19,88,99,3.11
350,Zeya,RU,2021-09-25 02:47:28,53.75,127.2667,54.55,91,100,3.8
351,Sao Joao Da Barra,BR,2021-09-25 02:38:57,-21.6403,-41.0511,70.48,70,100,19.19
352,General Roca,AR,2021-09-25 02:47:28,-39.0333,-67.5833,77.4,30,1,29.62
353,Durusu,TR,2021-09-25 02:47:28,41.3053,28.6767,66.38,74,75,7.0
354,Deputatskiy,RU,2021-09-25 02:39:29,69.3,139.9,30.87,70,100,12.88
355,Kirakira,SB,2021-09-25 02:40:39,-10.4544,161.9205,84.22,73,59,10.18
356,Urengoy,RU,2021-09-25 02:39:37,65.9667,78.3667,34.63,76,6,11.32
357,Kruisfontein,ZA,2021-09-25 02:39:38,-34.0033,24.7314,52.2,87,46,5.21
358,Toktogul,KG,2021-09-25 02:47:29,41.8708,72.9402,67.1,25,0,0.76
359,Aykhal,RU,2021-09-25 02:47:29,66.0,111.5,40.91,60,17,3.15
360,Kapoeta,SS,2021-09-25 02:47:29,4.7717,33.5903,71.91,82,91,5.46
361,Upernavik,GL,2021-09-25 02:38:47,72.7868,-56.1549,20.75,80,35,6.02
362,Ischia,IT,2021-09-25 02:47:29,40.7342,13.9471,67.86,60,0,4.12
363,Ust-Tsilma,RU,2021-09-25 02:47:30,65.441,52.1498,42.87,83,84,9.04
364,Vila Franca Do Campo,PT,2021-09-25 02:39:18,37.7167,-25.4333,68.41,80,99,6.11
365,Twin Falls,US,2021-09-25 02:47:30,42.3505,-114.6445,62.49,44,1,0.0
366,Matagami,CA,2021-09-25 02:47:30,49.7502,-77.6328,48.31,93,90,8.05
367,Pedernales,DO,2021-09-25 02:47:31,18.0384,-71.744,81.54,78,34,3.56
368,Longkou,CN,2021-09-25 02:47:31,37.6508,120.3286,70.21,73,100,17.81
369,Kuytun,RU,2021-09-25 02:47:31,54.3419,101.5036,40.69,68,100,8.03
370,Herveo,CO,2021-09-25 02:47:31,5.0833,-75.1667,54.75,96,85,3.33
371,Lumeje,AO,2021-09-25 02:47:32,-11.55,20.7833,67.53,26,64,3.76
372,Yellowknife,CA,2021-09-25 02:36:04,62.456,-114.3525,46.42,99,75,14.97
373,Peleduy,RU,2021-09-25 02:47:32,59.6289,112.7406,49.95,55,71,2.15
374,Bandundu,CD,2021-09-25 02:47:32,-3.3167,17.3667,70.95,85,72,3.69
375,Elizabeth City,US,2021-09-25 02:41:01,36.2946,-76.2511,70.99,84,90,8.05
376,San Cristobal,VE,2021-09-25 02:47:33,7.7669,-72.225,75.38,97,100,3.85
377,Vostochnyy,RU,2021-09-25 02:47:33,55.8167,37.8667,46.58,88,59,6.64
378,Shellbrook,CA,2021-09-25 02:43:15,53.2168,-106.4011,54.63,32,99,9.13
379,Jinan,CN,2021-09-25 02:47:33,36.6683,116.9972,64.65,90,100,11.34
380,Cabedelo,BR,2021-09-25 02:46:24,-6.9811,-34.8339,75.87,85,34,11.88
381,Iraucuba,BR,2021-09-25 02:47:34,-3.7461,-39.7833,76.69,77,21,9.6
382,Havoysund,NO,2021-09-25 02:40:29,70.9963,24.6622,47.28,78,91,15.12
383,Rocha,UY,2021-09-25 02:47:34,-34.4833,-54.3333,51.93,98,30,2.93
384,Turkan,AZ,2021-09-25 02:47:34,40.3639,50.215,62.78,94,90,13.8
385,Lagoa,PT,2021-09-25 02:38:26,39.05,-27.9833,70.18,77,100,16.24
386,Qaqortoq,GL,2021-09-25 02:38:18,60.7167,-46.0333,34.3,44,0,5.5
387,Vilhena,BR,2021-09-25 02:38:47,-12.7406,-60.1458,78.35,38,19,2.66
388,Hamilton,US,2021-09-25 02:35:30,39.1834,-84.5333,61.99,79,1,0.0
389,Alamogordo,US,2021-09-25 02:45:54,32.8995,-105.9603,72.41,61,75,4.0
390,Novokizhinginsk,RU,2021-09-25 02:47:35,51.6115,109.5917,52.57,74,100,7.45
391,Lisala,CD,2021-09-25 02:47:35,2.15,21.5167,66.76,95,100,0.51
392,Tacna,PE,2021-09-25 02:47:35,-18.0056,-70.2483,50.9,73,0,3.44
393,Smidovich,RU,2021-09-25 02:47:36,48.6,133.8167,64.45,45,92,6.89
394,Awjilah,LY,2021-09-25 02:47:36,29.1081,21.2869,68.92,55,0,9.06
395,Sao Felix Do Xingu,BR,2021-09-25 02:39:29,-6.6447,-51.995,77.23,57,54,1.19
396,Taoudenni,ML,2021-09-25 02:40:55,22.6783,-3.9836,93.43,12,16,7.94
397,Orlik,RU,2021-09-25 02:47:36,52.5178,99.825,35.31,69,100,6.02
398,Tual,ID,2021-09-25 02:47:36,-5.6667,132.75,80.53,82,36,16.73
399,Gorontalo,ID,2021-09-25 02:39:32,0.5412,123.0595,86.77,65,54,6.02
400,Fortuna,US,2021-09-25 02:39:17,40.5982,-124.1573,60.1,69,1,1.01
401,Bonavista,CA,2021-09-25 02:38:39,48.6499,-53.1147,44.11,75,7,5.68
402,Hinton,CA,2021-09-25 02:47:37,53.4001,-117.5857,64.44,68,100,4.41
403,Ouegoa,NC,2021-09-25 02:47:37,-20.35,164.4333,76.89,57,11,6.8
404,Waipawa,NZ,2021-09-25 02:47:37,-41.4122,175.5153,56.44,60,12,17.9
405,Salmo,CA,2021-09-25 02:47:38,49.1999,-117.2689,63.07,75,64,3.24
406,Biharkeresztes,HU,2021-09-25 02:47:38,47.1333,21.7167,50.83,93,0,5.75
407,Korla,CN,2021-09-25 02:47:38,41.7597,86.1469,65.88,26,0,5.59
408,Wanning,CN,2021-09-25 02:39:24,18.8003,110.3967,83.73,80,98,8.68
409,Nome,US,2021-09-25 02:39:05,64.5011,-165.4064,42.87,87,90,12.66
410,Houma,US,2021-09-25 02:47:38,29.5958,-90.7195,71.6,76,3,3.65
411,Santa Rosa,PH,2021-09-25 02:47:39,14.3122,121.1114,90.09,65,35,7.45
412,Kandrian,PG,2021-09-25 02:47:39,-6.2167,149.55,84.87,70,43,10.18
413,Upata,VE,2021-09-25 02:47:39,8.0086,-62.3989,71.82,91,56,0.13
414,Emba,KZ,2021-09-25 02:47:40,48.8264,58.1442,54.73,26,14,17.6
415,Oskemen,KZ,2021-09-25 02:47:40,49.9565,82.6119,30.16,100,30,2.24
416,Katsuura,JP,2021-09-25 02:38:32,35.1333,140.3,77.11,73,55,15.59
417,Sao Jose Da Coroa Grande,BR,2021-09-25 02:38:30,-8.8978,-35.1478,75.04,86,34,9.73
418,Marienburg,PL,2021-09-25 02:47:40,54.0359,19.0266,60.85,82,100,16.22
419,Kolyvan,RU,2021-09-25 02:47:41,55.3053,82.7391,40.77,86,100,10.63
420,Te Anau,NZ,2021-09-25 02:41:02,-45.4167,167.7167,43.07,88,100,10.18
421,Marang,MY,2021-09-25 02:40:47,5.2056,103.2059,85.93,68,91,1.61
422,Fort Nelson,CA,2021-09-25 02:40:03,58.8053,-122.7002,54.99,54,40,5.75
423,Vicksburg,US,2021-09-25 02:47:41,32.3526,-90.8779,64.56,91,1,0.0
424,Cockburn Town,TC,2021-09-25 02:40:08,21.4612,-71.1419,82.72,73,97,9.64
425,Carutapera,BR,2021-09-25 02:47:42,-1.195,-46.02,78.26,80,83,6.71
426,Makakilo City,US,2021-09-25 02:47:42,21.3469,-158.0858,86.32,62,40,10.36
427,Smolenka,RU,2021-09-25 02:47:42,52.1352,113.4974,57.27,62,47,8.95
428,Lethem,GY,2021-09-25 02:47:42,3.3803,-59.7968,79.11,68,94,4.94
429,Batagay,RU,2021-09-25 02:47:43,67.6333,134.6333,39.11,61,97,7.54
430,Saint-Augustin,CA,2021-09-25 02:39:39,51.226,-58.6502,46.49,84,40,7.52
431,Kamenka,RU,2021-09-25 02:47:43,51.3223,42.7678,45.36,83,85,6.58
432,Leningradskiy,RU,2021-09-25 02:39:23,69.3833,178.4167,26.65,79,98,5.79
433,Bengkulu,ID,2021-09-25 02:38:50,-3.8004,102.2655,82.9,72,94,3.67
434,Flinders,AU,2021-09-25 02:47:44,-34.5833,150.8552,66.79,76,86,14.27
435,Yeppoon,AU,2021-09-25 02:40:18,-23.1333,150.7333,80.38,54,0,11.59
436,Wundanyi,KE,2021-09-25 02:47:45,-3.4019,38.364,56.1,90,73,6.55
437,Sulmona,IT,2021-09-25 02:47:45,42.0479,13.9291,59.05,57,0,3.49
438,Chumikan,RU,2021-09-25 02:40:51,54.7183,135.315,62.69,54,48,17.58
439,Plettenberg Bay,ZA,2021-09-25 02:47:46,-34.0527,23.3716,56.46,83,79,3.04
440,Mandalgovi,MN,2021-09-25 02:47:47,45.7625,106.2708,60.69,51,68,16.28
441,Kulachi,PK,2021-09-25 02:47:49,31.9286,70.4592,86.86,53,0,4.74
442,Petropavlovsk-Kamchatskiy,RU,2021-09-25 02:38:49,53.0452,158.6483,55.99,54,75,11.18
443,Trincomalee,LK,2021-09-25 02:47:53,8.5711,81.2335,82.49,73,98,20.02
444,Rawson,AR,2021-09-25 02:47:53,-43.3002,-65.1023,67.87,45,24,32.77
445,Revelstoke,CA,2021-09-25 02:47:54,50.9832,-118.2023,55.42,94,1,2.3
446,Linxia,CN,2021-09-25 02:47:54,35.6003,103.2064,54.34,88,100,6.69
447,Zyryanka,RU,2021-09-25 02:47:55,65.75,150.85,45.72,69,100,0.38
448,Yibin,CN,2021-09-25 02:47:55,28.7667,104.6238,85.84,70,48,2.59
449,Rodrigues Alves,BR,2021-09-25 02:40:12,-7.738,-72.6509,70.97,98,38,1.28
450,Sechura,PE,2021-09-25 02:47:56,-5.5569,-80.8222,64.51,83,17,14.0
451,Gimli,CA,2021-09-25 02:39:54,50.6336,-96.9907,55.06,66,100,6.91
452,West Bay,KY,2021-09-25 02:47:57,19.3667,-81.4167,84.27,81,20,1.01
453,Igrim,RU,2021-09-25 02:47:58,63.1906,64.4162,35.46,84,34,4.99
454,Killybegs,IE,2021-09-25 02:47:58,54.6333,-8.45,59.45,96,100,8.75
455,Iskateley,RU,2021-09-25 02:46:09,67.6803,53.1512,38.41,85,11,13.69
456,Aklavik,CA,2021-09-25 02:39:43,68.2191,-135.0107,36.32,98,100,17.94
457,Quelimane,MZ,2021-09-25 02:40:09,-17.8786,36.8883,64.35,94,0,0.0
458,Sisophon,KH,2021-09-25 02:40:46,13.5859,102.9737,76.23,93,100,3.29
459,Hun,LY,2021-09-25 02:47:59,29.1268,15.9477,71.29,67,0,7.05
460,Saint-Denis,FR,2021-09-25 02:47:59,48.9167,2.3333,56.14,94,20,1.01
461,Kuteynykove,UA,2021-09-25 02:47:59,47.8123,38.2882,46.49,93,53,6.04
462,Jalu,LY,2021-09-25 02:38:56,29.0331,21.5482,69.22,50,0,9.17
463,Hirara,JP,2021-09-25 02:48:00,24.8,125.2833,87.66,74,40,14.97
464,Tigre,AR,2021-09-25 02:48:00,-34.426,-58.5796,59.23,80,75,11.5
465,La Ligua,CL,2021-09-25 02:48:00,-32.4524,-71.2311,53.38,95,2,0.65
466,Kisii,KE,2021-09-25 02:48:00,-0.6817,34.7667,58.03,90,97,5.84
467,Lake Havasu City,US,2021-09-25 02:47:46,34.4839,-114.3224,92.01,33,1,1.99
468,Buritis,BR,2021-09-25 02:48:01,-15.6178,-46.4233,77.86,49,7,3.44
469,Sisimiut,GL,2021-09-25 02:39:22,66.9395,-53.6735,29.8,74,36,7.67
470,Port Hardy,CA,2021-09-25 02:40:53,50.6996,-127.4199,57.38,77,90,4.61
471,Alice Springs,AU,2021-09-25 02:36:54,-23.7,133.8833,83.75,9,76,13.8
472,Ballina,AU,2021-09-25 02:48:01,-28.8667,153.5667,82.78,50,7,11.5
473,Bo Rai,TH,2021-09-25 02:48:01,12.5728,102.5371,80.85,99,100,3.24
474,Hongjiang,CN,2021-09-25 02:48:02,27.11,109.9956,89.46,54,0,7.67
475,Panguna,PG,2021-09-25 02:48:02,-6.3164,155.4848,77.76,78,56,3.78
476,Sanchazi,CN,2021-09-25 02:48:02,42.0817,126.6003,57.2,98,100,3.04
477,Camana,PE,2021-09-25 02:48:03,-16.6228,-72.7111,63.52,76,4,7.58
478,Great Falls,US,2021-09-25 02:48:03,47.5002,-111.3008,66.69,40,1,6.91
479,Sol-Iletsk,RU,2021-09-25 02:48:03,51.1631,54.9918,58.05,25,100,15.77
480,Shulan,CN,2021-09-25 02:48:03,44.4167,126.95,58.08,84,100,4.52
481,Hobyo,SO,2021-09-25 02:39:10,5.3505,48.5268,77.04,85,75,19.98
482,Adrar,MR,2021-09-25 02:40:07,20.5022,-10.0711,87.51,21,68,7.43
483,Oktyabrskoye,RU,2021-09-25 02:48:04,43.0645,44.7417,44.74,100,100,2.24
484,Shingu,JP,2021-09-25 02:39:07,33.7333,135.9833,81.59,70,17,10.6
485,Skjervoy,NO,2021-09-25 02:40:01,70.0311,20.9714,47.66,82,100,18.7
486,Yulara,AU,2021-09-25 02:38:41,-25.2406,130.9889,82.24,9,98,16.11
487,Tefe,BR,2021-09-25 02:48:04,-3.3542,-64.7114,74.35,94,100,1.92
488,Suez,EG,2021-09-25 02:48:04,29.9737,32.5263,67.37,74,0,5.66
489,La Rioja,ES,2021-09-25 02:48:05,42.25,-2.5,57.04,90,49,6.76
490,Rochegda,RU,2021-09-25 02:48:05,62.8,43.25,45.21,96,100,5.06
491,Nedjo,ET,2021-09-25 02:48:05,9.5046,35.5019,55.38,98,93,1.5
492,Vestmannaeyjar,IS,2021-09-25 02:38:44,63.4427,-20.2734,42.8,79,92,6.64
493,Cehegin,ES,2021-09-25 02:48:06,38.0924,-1.7985,70.29,87,98,2.39
494,Port Arthur,CN,2021-09-25 02:44:12,38.8,121.2667,71.82,73,100,15.46
495,Milici,BA,2021-09-25 02:48:06,44.1711,19.0903,54.01,59,0,3.22
496,Nador,MA,2021-09-25 02:48:06,35.174,-2.9287,71.67,94,90,8.05
497,Newport,GB,2021-09-25 02:48:06,51.5877,-2.9984,63.01,93,62,3.87
498,Anshun,CN,2021-09-25 02:48:07,26.25,105.9333,70.77,79,98,15.14
499,Ende,ID,2021-09-25 02:48:07,-8.8432,121.6623,83.89,63,85,5.06
500,Sitrah,BH,2021-09-25 02:48:07,26.1547,50.6206,84.36,84,6,1.99
501,Yele,CM,2021-09-25 02:48:07,10.7323,13.5891,69.08,69,70,2.98
502,Aswan,EG,2021-09-25 02:48:08,24.0934,32.907,79.9,36,0,11.5
503,Weligama,LK,2021-09-25 02:48:08,5.9667,80.4167,80.71,81,97,14.79
504,Moville,US,2021-09-25 02:48:08,42.4889,-96.0725,54.66,32,2,6.67
505,Tasiilaq,GL,2021-09-25 02:39:21,65.6145,-37.6368,29.1,77,98,8.21
506,Yangambi,CD,2021-09-25 02:48:09,0.8102,24.4336,66.45,98,95,1.81
507,Dhidhdhoo,MV,2021-09-25 02:40:49,6.8833,73.1,81.37,77,100,16.17
508,Ambon,ID,2021-09-25 02:48:09,-3.6954,128.1814,84.34,84,20,5.75
509,Bud,US,2021-09-25 02:48:09,39.447,-86.1758,64.49,71,100,9.15
510,Zhirnovsk,RU,2021-09-25 02:48:10,50.9845,44.7735,47.5,74,86,5.39
511,Santiago,CL,2021-09-25 02:46:06,-33.4569,-70.6483,62.85,64,0,13.8
512,Kijang,KR,2021-09-25 02:48:01,35.2442,129.2139,74.93,75,100,18.28
513,Bayangol,RU,2021-09-25 02:48:10,50.6977,103.4656,35.02,97,100,3.78
514,Churapcha,RU,2021-09-25 02:48:10,62.0025,132.4325,40.1,92,100,10.8
515,Whitehorse,CA,2021-09-25 02:48:10,60.7161,-135.0538,46.02,65,75,15.99
516,Paracuru,BR,2021-09-25 02:46:21,-3.41,-39.0306,80.62,82,46,14.32
517,Nyurba,RU,2021-09-25 02:38:55,63.2842,118.3319,46.51,58,16,3.6
518,Male,MV,2021-09-25 02:48:11,4.1748,73.5089,81.9,72,100,18.03
519,Namibe,AO,2021-09-25 02:40:39,-15.1961,12.1522,64.76,92,53,5.55
520,Porto Novo,BJ,2021-09-25 02:48:11,6.4965,2.6036,76.82,90,100,4.38
521,Berdigestyakh,RU,2021-09-25 02:48:12,62.0989,126.6992,42.51,67,7,10.31
522,Krutinka,RU,2021-09-25 02:48:12,56.0055,71.5113,42.13,77,53,5.32
523,Aksu,CN,2021-09-25 02:45:27,41.1231,80.2644,71.02,24,0,6.91
524,Tazovskiy,RU,2021-09-25 02:37:16,67.4667,78.7,34.14,75,12,8.21
525,Mookane,BW,2021-09-25 02:48:12,-23.688,26.6595,62.19,28,2,7.0
526,Bani Walid,LY,2021-09-25 02:48:12,31.7566,13.9942,69.84,78,1,6.76
527,Preobrazheniye,RU,2021-09-25 02:48:13,42.9019,133.9064,65.37,65,92,6.44
528,Kavaratti,IN,2021-09-25 02:40:15,10.5669,72.642,81.77,78,100,14.56
529,Nouadhibou,MR,2021-09-25 02:38:15,20.931,-17.0347,70.52,87,16,20.67
530,Buchanan,LR,2021-09-25 02:40:38,5.8808,-10.0467,75.16,86,66,5.88
531,Acarau,BR,2021-09-25 02:48:13,-2.8856,-40.12,78.62,85,19,18.48
532,Benjamin Hill,MX,2021-09-25 02:48:13,30.1667,-111.1,80.1,45,69,3.36
533,Boende,CD,2021-09-25 02:48:14,-0.2167,20.8667,68.97,98,100,0.72
534,Sao Filipe,CV,2021-09-25 02:39:16,14.8961,-24.4956,78.13,73,100,5.44
535,Chiredzi,ZW,2021-09-25 02:39:07,-21.05,31.6667,59.56,77,0,3.56
536,Chimore,BO,2021-09-25 02:48:14,-16.9833,-65.1333,77.41,48,16,3.13
537,Kokorevka,RU,2021-09-25 02:48:14,52.5872,34.2778,44.98,92,86,1.63
538,Kysyl-Syr,RU,2021-09-25 02:48:15,63.8986,122.7617,44.92,50,10,8.75
539,Leeton,AU,2021-09-25 02:48:15,-34.5667,146.4,57.88,44,40,10.36
540,Guane,CU,2021-09-25 02:48:15,22.2025,-84.0875,77.41,84,20,3.36
541,Sabha,LY,2021-09-25 02:48:15,27.0377,14.4283,76.86,45,0,9.8
542,Sibu,MY,2021-09-25 02:48:16,2.3,111.8167,84.51,79,20,5.01
543,Northam,GB,2021-09-25 02:39:55,51.0333,-4.2167,61.48,98,100,2.46
544,Bowmore,US,2021-09-25 02:48:16,34.9421,-79.3031,61.75,75,1,0.0
545,Lompoc,US,2021-09-25 02:38:45,34.6391,-120.4579,68.11,93,1,4.61
546,Benguela,AO,2021-09-25 02:48:17,-12.5763,13.4055,72.16,81,7,3.53
547,Ayagoz,KZ,2021-09-25 02:48:17,47.9714,80.4392,39.81,45,10,10.45
548,Tortoli,IT,2021-09-25 02:40:33,39.9256,9.6572,76.98,78,0,8.05
549,Kihei,US,2021-09-25 02:40:41,20.785,-156.4656,84.22,70,40,20.71
550,Caohe,CN,2021-09-25 02:48:17,30.2297,115.4335,88.9,60,90,11.88
551,Visnes,NO,2021-09-25 02:48:18,59.3556,5.2242,55.29,87,100,19.57
552,Lumsden,CA,2021-09-25 02:48:18,50.6501,-104.8678,50.0,25,43,5.46
553,Santa Barbara,US,2021-09-25 02:48:18,34.7333,-120.0343,61.32,73,1,0.0
554,Sao Pedro,BR,2021-09-25 02:48:18,-22.5486,-47.9139,63.3,77,100,6.15
555,Catuday,PH,2021-09-25 02:48:19,16.2923,119.8062,83.71,67,23,5.46
556,Muroto,JP,2021-09-25 02:48:19,33.2833,134.15,82.44,71,7,14.32
557,Vasai,IN,2021-09-25 02:48:19,19.47,72.8,80.69,78,100,1.7
558,Beyneu,KZ,2021-09-25 02:48:19,45.3167,55.2,61.3,77,97,9.51
559,Nioro,GM,2021-09-25 02:40:25,13.35,-15.75,75.43,91,42,2.13
560,Ritchie,ZA,2021-09-25 02:48:20,-29.038,24.6028,52.81,23,9,3.85
561,Gunjur,GM,2021-09-25 02:40:13,13.2019,-16.7339,77.07,94,75,0.0
562,Yei,SS,2021-09-25 02:48:20,4.095,30.6779,64.89,97,98,3.02
563,Manzhouli,CN,2021-09-25 02:48:20,49.6,117.4333,61.16,70,16,12.24
564,Asau,RO,2021-09-25 02:37:32,46.4333,26.4,47.75,94,75,4.88
565,Alenquer,BR,2021-09-25 02:48:21,-1.9417,-54.7383,77.34,65,82,2.84
566,Bacalar,MX,2021-09-25 02:46:10,18.6667,-88.3833,76.6,91,78,2.91
567,Media Luna,CU,2021-09-25 02:48:21,20.1419,-77.435,80.78,77,73,2.75
568,Belyy Yar,RU,2021-09-25 02:48:21,53.6039,91.3903,42.69,65,0,13.42
569,Darnah,LY,2021-09-25 02:48:21,32.767,22.6367,71.44,68,1,13.67
570,Bairiki,KI,2021-09-25 02:40:54,1.3292,172.9752,87.8,66,20,10.36
571,Kambove,CD,2021-09-25 02:48:22,-10.8764,26.5969,61.97,45,58,4.68
572,Kosa,RU,2021-09-25 02:48:22,59.9445,54.9977,44.78,86,100,6.6
573,Wilmington,US,2021-09-25 02:45:02,34.2257,-77.9447,68.92,78,1,3.44
574,Konigs Wusterhausen,DE,2021-09-25 02:48:22,52.3014,13.633,63.21,79,0,10.36
575,Bafra,TR,2021-09-25 02:48:23,41.5678,35.9069,60.82,57,100,7.87
576,Balikpapan,ID,2021-09-25 02:48:23,-1.2675,116.8289,83.39,84,20,5.75
577,Mersing,MY,2021-09-25 02:48:23,2.4312,103.8405,84.11,84,20,3.44
578,Caetite,BR,2021-09-25 02:48:24,-14.0694,-42.475,63.63,82,31,13.15
579,Irbeyskoye,RU,2021-09-25 02:48:24,55.6428,95.4522,40.84,73,79,4.5
580,Lorengau,PG,2021-09-25 02:41:00,-2.0226,147.2712,85.33,67,92,10.98
581,North Bend,US,2021-09-25 02:48:24,43.4065,-124.2243,63.25,88,1,4.61
582,Kropotkin,RU,2021-09-25 02:48:24,45.4375,40.5756,54.57,89,100,13.18
583,Ust-Nera,RU,2021-09-25 02:48:25,64.5667,143.2,48.67,51,93,7.67
584,Karaton,ID,2021-09-25 02:48:25,-6.3424,106.1045,91.96,62,23,5.77
585,Jiaocheng,CN,2021-09-25 02:48:25,24.6774,116.1389,90.41,58,11,1.52
586,Padang,ID,2021-09-25 02:48:25,-0.9492,100.3543,83.82,73,95,3.76
587,Ivdel,RU,2021-09-25 02:48:26,60.6911,60.4206,37.67,97,13,2.68
588,Bar Harbor,US,2021-09-25 02:48:26,44.3876,-68.2039,70.29,90,90,11.01
589,Shibetsu,JP,2021-09-25 02:48:26,43.659,145.132,59.7,63,75,5.75
590,Sovetskiy,RU,2021-09-25 02:48:26,61.3614,63.5842,37.83,84,9,4.88
591,Roebourne,AU,2021-09-25 02:48:27,-20.7833,117.1333,85.87,18,3,10.45
592,Purna,IN,2021-09-25 02:48:27,19.1833,77.05,76.03,88,99,4.88
593,Birin,NP,2021-09-25 02:48:27,26.8865,88.0718,71.46,67,7,3.04
594,Coos Bay,US,2021-09-25 02:40:15,43.3665,-124.2179,65.32,88,1,4.61
595,Broome,US,2021-09-25 02:39:19,42.2506,-75.833,56.64,75,1,5.75
596,Nishihara,JP,2021-09-25 02:48:28,26.1842,127.7558,88.88,70,40,14.97
597,Vostok,RU,2021-09-25 02:40:18,46.4856,135.8833,60.8,44,100,2.37
598,Bushehr,IR,2021-09-25 02:48:28,28.9684,50.8385,87.82,83,1,0.0
599,Ushumun,RU,2021-09-25 02:48:28,52.7833,126.5333,55.72,83,100,1.77
600,Saint-Joseph,RE,2021-09-25 02:40:09,-21.3667,55.6167,68.36,78,4,12.66
601,Manokwari,ID,2021-09-25 02:40:39,-0.8667,134.0833,82.92,73,80,6.55
602,Lincoln,US,2021-09-25 02:45:59,40.8,-96.667,59.45,72,1,4.61
603,Brewster,US,2021-09-25 02:48:29,41.3973,-73.6171,61.39,93,1,3.44
604,Bara,NG,2021-09-25 02:48:29,10.3744,10.7288,70.86,92,89,4.97
605,Caloundra,AU,2021-09-25 02:48:29,-26.8,153.1333,91.36,63,53,8.99
606,Laranjeiras Do Sul,BR,2021-09-25 02:48:30,-25.4078,-52.4161,57.11,95,0,1.9
607,Micheweni,TZ,2021-09-25 02:48:30,-4.9667,39.8333,75.15,84,76,10.13
608,Hounde,BF,2021-09-25 02:48:30,11.5,-3.5167,72.79,79,71,2.71
609,Bathsheba,BB,2021-09-25 02:38:52,13.2167,-59.5167,79.41,89,40,6.91
610,Makurdi,NG,2021-09-25 02:48:30,7.7411,8.5121,71.76,97,75,3.94
611,Bowen,AU,2021-09-25 02:48:31,-20.0167,148.2333,79.02,59,2,12.86
612,Fairbanks,US,2021-09-25 02:40:10,64.8378,-147.7164,35.6,90,90,3.44
613,High Level,CA,2021-09-25 02:48:31,58.5169,-117.136,53.71,76,75,2.3
614,Sakaiminato,JP,2021-09-25 02:48:31,35.55,133.2333,78.73,69,75,14.97
615,Sheffield,GB,2021-09-25 02:47:13,53.383,-1.4659,64.58,83,97,5.55
616,Carballo,ES,2021-09-25 02:48:32,43.213,-8.691,61.9,94,90,2.86
617,Luau,AO,2021-09-25 02:40:46,-10.7073,22.2247,66.31,37,40,1.48
618,Minbu,MM,2021-09-25 02:48:32,20.1833,94.8833,82.81,78,100,3.47
619,Andenes,NO,2021-09-25 02:40:21,69.3143,16.1194,44.58,87,100,5.75
620,Awash,ET,2021-09-25 02:48:32,8.9833,40.1667,71.01,72,99,7.05
621,Kapiri Mposhi,ZM,2021-09-25 02:48:33,-13.9652,28.6809,60.78,58,0,5.59
622,Tiznit,MA,2021-09-25 02:46:18,29.5833,-9.5,61.65,78,0,0.69
623,Cavalcante,BR,2021-09-25 02:48:33,-13.7975,-47.4583,75.6,48,30,4.18
624,Sandwick,GB,2021-09-25 02:48:33,60.0,-1.25,51.62,82,40,6.91
625,Nacala,MZ,2021-09-25 02:48:33,-14.5428,40.6728,68.81,95,15,5.95
626,Razole,IN,2021-09-25 02:48:34,16.4833,81.8333,80.89,81,100,2.73
627,Shimoda,JP,2021-09-25 02:48:34,34.6667,138.95,77.36,74,42,15.88
628,Skhisma,GR,2021-09-25 02:48:34,35.2667,25.7167,68.85,64,0,8.03
629,Sibut,CF,2021-09-25 02:48:34,5.718,19.0739,68.23,98,80,0.58
630,Bekhtery,UA,2021-09-25 02:48:35,46.251,32.2927,54.39,75,9,13.2
631,Simao,CN,2021-09-25 02:48:35,22.7886,100.9748,68.97,94,100,0.29
632,San Juan,AR,2021-09-25 02:40:05,-31.5375,-68.5364,75.72,26,0,12.8
633,Sampit,ID,2021-09-25 02:40:00,-2.5333,112.95,89.98,57,84,2.21
634,Chato,TZ,2021-09-25 02:48:35,-2.6378,31.7669,68.47,69,50,5.03
635,Poum,NC,2021-09-25 02:38:51,-20.2333,164.0167,71.8,67,22,2.51
636,Hurghada,EG,2021-09-25 02:46:13,27.2574,33.8129,77.04,41,0,8.05
637,Novobohdanivka,UA,2021-09-25 02:48:36,47.0819,35.3272,48.11,92,88,8.37
638,Ocala,US,2021-09-25 02:45:10,29.1872,-82.1401,76.71,80,20,6.91
639,Bundi,IN,2021-09-25 02:48:36,25.4417,75.6417,82.56,75,49,3.89
640,Tarko-Sale,RU,2021-09-25 02:48:36,64.9225,77.785,34.41,78,8,13.87
641,Vestmanna,FO,2021-09-25 02:48:37,62.1564,-7.1664,43.72,93,90,10.36
642,Clyde River,CA,2021-09-25 02:48:37,70.4692,-68.5914,27.25,69,24,4.25
643,Kaeo,NZ,2021-09-25 02:39:56,-35.1,173.7833,68.32,61,0,9.8
644,Itambe,BR,2021-09-25 02:48:37,-15.245,-40.6244,59.34,95,4,2.04
645,Apatity,RU,2021-09-25 02:48:38,67.5641,33.4031,44.19,98,100,7.38
646,Opaka,BG,2021-09-25 02:48:38,43.45,26.1667,59.25,67,35,4.63
647,Mitu,CO,2021-09-25 02:39:40,1.1983,-70.1733,68.97,99,94,0.51
648,Iki-Burul,RU,2021-09-25 02:48:38,45.8208,44.6472,52.14,67,93,5.64
649,Tagusao,PH,2021-09-25 02:48:39,9.1924,117.8141,84.56,71,98,5.84
650,Borzya,RU,2021-09-25 02:48:39,50.3833,116.5167,60.85,55,41,13.65
651,Muzhi,RU,2021-09-25 02:48:39,65.3667,64.6667,34.77,84,87,4.72
652,Kongolo,CD,2021-09-25 02:48:39,-5.3833,27.0,67.8,93,18,1.74
653,Constantine,DZ,2021-09-25 02:40:30,36.365,6.6147,77.72,30,78,5.39
654,Tautira,PF,2021-09-25 02:38:46,-17.7333,-149.15,82.42,65,0,4.0
655,Komsomolskiy,UZ,2021-09-25 02:39:42,40.4272,71.7189,61.52,41,0,4.61
656,Meulaboh,ID,2021-09-25 02:40:33,4.1363,96.1285,83.79,69,49,4.52
657,Manggar,ID,2021-09-25 02:48:40,-2.8833,108.2667,84.99,69,34,6.96
658,Llanes,ES,2021-09-25 02:48:40,43.4198,-4.7549,67.26,79,92,7.0
659,Biharamulo,TZ,2021-09-25 02:48:40,-2.6319,31.3089,63.72,69,21,3.0
660,Nangomba,TZ,2021-09-25 02:48:41,-10.9,38.5,66.52,94,3,2.71
661,Klyuchi,RU,2021-09-25 02:38:46,52.2667,79.1667,43.32,53,99,12.06
662,Esmeraldas,BR,2021-09-25 02:48:41,-19.7625,-44.3139,68.86,56,71,9.1
663,Port Angeles,US,2021-09-25 02:48:41,48.1181,-123.4307,65.37,87,1,4.61
664,Kodinsk,RU,2021-09-25 02:48:42,58.6881,99.1844,40.17,69,94,1.9
665,Ampanihy,MG,2021-09-25 02:40:38,-24.7,44.75,69.17,62,0,6.6
666,Maymyo,MM,2021-09-25 02:48:42,22.0333,96.4667,69.17,87,77,0.25
667,Neuquen,AR,2021-09-25 02:44:54,-38.9516,-68.0591,76.89,25,0,17.27
668,Amapa,BR,2021-09-25 02:40:24,1.0,-52.0,71.83,88,100,2.51
669,Sungairaya,ID,2021-09-25 02:48:42,0.7,108.9,88.7,57,51,1.03
670,Sibolga,ID,2021-09-25 02:48:43,1.7427,98.7792,85.33,67,100,2.86
671,Moerdijk,NL,2021-09-25 02:48:43,51.7034,4.6259,62.62,84,95,5.01
672,Dalbandin,PK,2021-09-25 02:48:43,28.8947,64.4101,80.76,8,0,5.21
673,Samarai,PG,2021-09-25 02:48:43,-10.6167,150.6667,81.14,79,55,8.55
674,Milkovo,RU,2021-09-25 02:48:44,54.7167,158.6167,56.19,53,6,2.06
675,Mudgee,AU,2021-09-25 02:44:13,-32.5943,149.5871,68.61,30,0,17.27
676,La Ronge,CA,2021-09-25 02:45:16,55.1001,-105.2842,48.42,81,90,2.3
677,Borogontsy,RU,2021-09-25 02:39:20,62.6683,131.1683,38.7,95,100,7.63
678,Yatou,CN,2021-09-25 02:48:44,37.15,122.3833,68.5,79,100,9.04
679,Bassila,BJ,2021-09-25 02:39:44,9.0081,1.6654,70.99,98,100,1.74
680,Siguiri,GN,2021-09-25 02:48:45,11.6667,-9.5,70.43,93,100,8.32
681,Bacolod,PH,2021-09-25 02:48:45,10.6667,122.95,86.4,72,99,7.92
682,Strezhevoy,RU,2021-09-25 02:48:45,60.7333,77.5889,33.78,89,98,9.82
683,Lima,PE,2021-09-25 02:47:22,-12.0432,-77.0282,59.25,82,90,9.22
684,Kolomna,RU,2021-09-25 02:48:45,55.0794,38.7783,44.85,88,57,6.11
685,Muriwai Beach,NZ,2021-09-25 02:48:46,-36.8167,174.45,65.79,70,19,9.8
686,Zheleznodorozhnyy,RU,2021-09-25 02:48:46,55.7503,38.0042,46.81,88,46,6.6
